Agent Name,KD,Kills,Deaths,Assists,Pick Rate,ACS,First Blood,Num Matches,Label
9,1.07,15.6,14.6,3.1,0.208,233.0,0.156,816.0,1.0
10,1.0,13.7,13.7,4.8,0.143,195.0,0.132,561.0,1.0
8,1.01,16.3,16.2,5.8,0.13,235.0,0.141,510.0,1.0
4,1.13,17.9,15.8,3.7,0.1169999999999999,243.0,0.1989999999999999,459.0,1.0
3,0.86,12.6,14.6,4.4,0.104,191.0,0.188,408.0,1.0
5,0.97,14.3,14.8,3.9,0.104,194.0,0.14,408.0,2.0
1,0.98,16.8,17.2,5.0,0.065,211.0,0.19,255.0,0.0
6,0.59,10.7,18.0,7.3,0.039,148.0,0.188,153.0,0.0
13,0.41,6.0,14.5,2.5,0.026,123.0,0.1669999999999999,102.0,0.0
0,1.81,14.5,8.0,5.0,0.026,208.0,0.138,102.0,2.0
2,0.88,15.0,17.0,7.0,0.013,197.0,0.133,51.0,0.0
12,1.0,14.0,14.0,5.0,0.013,242.0,0.0,51.0,0.0
11,0.58,11.0,19.0,4.0,0.013,132.0,0.182,51.0,0.0
10,0.93,14.0,15.0,4.6,0.176,192.0,0.108,11934.0,1.0
9,1.15,17.1,14.9,4.5,0.13,249.0,0.1639999999999999,8823.0,1.0
4,1.15,17.7,15.5,4.2,0.121,253.0,0.184,8211.0,1.0
6,1.02,15.9,15.5,4.8,0.1,217.0,0.136,6783.0,1.0
8,1.01,16.4,16.2,5.7,0.087,243.0,0.144,5865.0,1.0
5,1.02,14.5,14.2,4.2,0.073,207.0,0.106,4947.0,1.0
3,0.96,13.7,14.3,4.7,0.054,190.0,0.1159999999999999,3672.0,1.0
12,0.93,13.5,14.5,5.7,0.049,196.0,0.111,3315.0,1.0
13,0.94,14.4,15.3,6.0,0.043,204.0,0.1159999999999999,2907.0,1.0
2,0.97,15.0,15.5,6.8,0.042,212.0,0.108,2856.0,1.0
7,1.01,15.5,15.3,4.6,0.04,232.0,0.165,2703.0,1.0
11,0.88,12.6,14.4,3.5,0.0289999999999999,181.0,0.13,1989.0,1.0
1,0.85,14.4,16.9,4.6,0.026,204.0,0.1689999999999999,1785.0,1.0
14,0.91,15.1,16.6,3.7,0.019,205.0,0.175,1275.0,1.0
0,1.13,17.6,15.6,3.9,0.011,229.0,0.11,714.0,1.0
4,1.1,4.6,4.2,1.2,0.155,226.0,0.163,59109.0,1.0
8,1.03,4.4,4.2,1.5,0.142,224.0,0.15,54060.0,1.0
9,1.09,4.5,4.1,1.3,0.133,221.0,0.159,50694.0,1.0
10,0.88,3.5,4.0,1.2,0.095,166.0,0.113,36159.0,1.0
7,0.99,4.1,4.1,1.2,0.075,201.0,0.136,28407.0,1.0
14,0.89,3.8,4.2,0.9,0.062,181.0,0.1369999999999999,23715.0,1.0
12,0.94,3.8,4.0,1.6,0.06,189.0,0.096,22644.0,1.0
5,0.92,3.6,3.9,1.1,0.051,182.0,0.098,19533.0,1.0
6,0.87,3.6,4.2,1.2,0.044,176.0,0.128,16677.0,1.0
11,0.98,4.0,4.1,1.3,0.04,192.0,0.122,15096.0,1.0
13,0.8,3.3,4.1,1.3,0.038,163.0,0.122,14331.0,1.0
3,0.98,3.9,4.0,1.1,0.035,186.0,0.104,13209.0,1.0
1,0.95,4.1,4.3,1.5,0.034,201.0,0.154,12750.0,1.0
2,0.87,3.6,4.2,1.8,0.027,182.0,0.1369999999999999,10404.0,1.0
0,0.96,3.9,4.1,0.9,0.01,176.0,0.11,3672.0,1.0
10,0.9,13.2,14.6,4.6,0.162,183.0,0.11,6426.0,1.0
9,1.1,16.8,15.2,4.3,0.162,241.0,0.148,6426.0,1.0
4,1.1,16.0,14.5,4.0,0.114,240.0,0.171,4539.0,1.0
8,0.92,14.2,15.5,4.9,0.107,214.0,0.142,4233.0,1.0
6,0.97,15.4,15.8,5.3,0.072,209.0,0.107,2856.0,1.0
5,0.93,13.7,14.7,5.0,0.067,206.0,0.0819999999999999,2652.0,1.0
2,0.98,13.9,14.2,6.5,0.064,202.0,0.122,2550.0,1.0
12,0.9,12.4,13.8,5.0,0.051,196.0,0.0969999999999999,2040.0,1.0
7,0.97,15.0,15.4,3.9,0.039,221.0,0.147,1530.0,1.0
3,0.92,13.2,14.3,4.8,0.035,188.0,0.098,1377.0,1.0
13,0.9,13.2,14.7,4.4,0.033,191.0,0.0819999999999999,1326.0,1.0
1,0.93,13.5,14.6,5.4,0.031,189.0,0.111,1224.0,2.0
14,0.99,14.9,15.0,3.5,0.03,212.0,0.163,1173.0,1.0
11,0.92,13.4,14.6,3.9,0.026,196.0,0.131,1020.0,1.0
0,0.99,14.9,15.0,6.0,0.009,196.0,0.087,357.0,1.0
10,0.92,14.4,15.6,5.3,0.18,199.0,0.11,1581.0,1.0
4,1.22,17.5,14.3,4.0,0.151,251.0,0.218,1326.0,1.0
6,1.12,16.7,14.8,6.6,0.11,219.0,0.1009999999999999,969.0,1.0
8,1.12,17.6,15.8,5.8,0.105,260.0,0.158,918.0,1.0
9,1.18,18.5,15.8,4.2,0.099,250.0,0.168,867.0,2.0
3,0.87,13.1,15.1,3.8,0.093,180.0,0.09,816.0,1.0
11,0.92,13.2,14.3,4.9,0.052,184.0,0.1009999999999999,459.0,1.0
2,0.82,11.1,13.5,7.6,0.047,179.0,0.079,408.0,1.0
5,1.26,19.3,15.3,4.3,0.0409999999999999,255.0,0.096,357.0,1.0
0,1.2,16.9,14.0,6.6,0.0409999999999999,216.0,0.051,357.0,2.0
13,1.33,16.3,12.3,3.8,0.023,200.0,0.123,204.0,2.0
7,0.67,11.5,17.3,5.0,0.023,198.0,0.261,204.0,0.0
1,1.08,18.7,17.3,5.0,0.017,226.0,0.054,153.0,1.0
14,0.89,12.5,14.0,4.0,0.012,159.0,0.24,102.0,2.0
12,0.42,8.0,19.0,5.0,0.006,144.0,0.0,51.0,0.0
6,0.79,11.5,14.5,4.5,0.133,171.0,0.087,102.0,0.0
10,1.07,15.5,14.5,9.0,0.133,216.0,0.0969999999999999,102.0,2.0
8,0.82,14.0,17.0,3.5,0.133,213.0,0.107,102.0,1.0
4,1.24,21.0,17.0,3.5,0.133,255.0,0.214,102.0,2.0
3,0.97,15.0,15.5,5.0,0.133,225.0,0.133,102.0,1.0
11,1.25,15.0,12.0,3.0,0.067,218.0,0.067,51.0,2.0
5,2.0,16.0,8.0,2.0,0.067,222.0,0.063,51.0,2.0
0,0.81,13.0,16.0,5.0,0.067,188.0,0.0,51.0,0.0
9,0.8,12.0,15.0,4.0,0.067,264.0,0.3329999999999999,51.0,0.0
13,2.13,17.0,8.0,2.0,0.067,241.0,0.059,51.0,2.0
10,1.07,15.1,14.1,4.7,0.157,214.0,0.12,2244.0,1.0
9,1.28,19.7,15.4,4.7,0.153,276.0,0.132,2193.0,1.0
4,1.06,16.6,15.7,3.4,0.125,236.0,0.2019999999999999,1785.0,1.0
8,1.1,16.3,14.8,5.3,0.1169999999999999,267.0,0.176,1683.0,1.0
6,0.92,13.3,14.5,5.0,0.089,198.0,0.135,1275.0,1.0
5,0.92,13.1,14.2,3.8,0.071,182.0,0.084,1020.0,1.0
3,0.98,14.8,15.1,3.9,0.053,195.0,0.095,765.0,1.0
12,0.93,13.4,14.5,5.6,0.05,218.0,0.09,714.0,0.0
7,1.4,19.1,13.6,3.5,0.039,275.0,0.152,561.0,1.0
11,0.93,13.6,14.6,4.2,0.039,196.0,0.113,561.0,1.0
2,0.86,13.2,15.3,8.2,0.032,187.0,0.1009999999999999,459.0,1.0
13,1.17,14.5,12.4,5.3,0.0279999999999999,223.0,0.147,408.0,1.0
0,1.1,16.9,15.3,6.0,0.025,208.0,0.11,357.0,1.0
1,0.74,12.6,17.0,4.6,0.018,176.0,0.095,255.0,0.0
14,1.31,21.0,16.0,6.0,0.004,247.0,0.19,51.0,0.0
10,0.78,11.7,15.0,4.5,0.178,159.0,0.075,1683.0,1.0
13,0.75,10.4,13.8,4.2,0.119,161.0,0.1,1122.0,1.0
9,1.08,16.1,14.9,4.1,0.114,236.0,0.178,1071.0,1.0
8,0.77,11.9,15.5,4.9,0.103,200.0,0.155,969.0,1.0
4,1.04,15.0,14.4,4.7,0.103,204.0,0.13,969.0,1.0
6,0.83,13.1,15.7,4.8,0.081,189.0,0.148,765.0,1.0
5,1.01,15.8,15.7,4.8,0.065,211.0,0.1639999999999999,612.0,1.0
11,0.76,10.9,14.3,5.0,0.043,148.0,0.034,408.0,1.0
1,0.78,11.9,15.1,5.6,0.038,174.0,0.12,357.0,1.0
3,1.11,17.0,15.3,6.6,0.038,210.0,0.092,357.0,2.0
14,0.88,12.7,14.3,2.7,0.032,194.0,0.1969999999999999,306.0,1.0
2,0.99,16.8,17.0,7.2,0.032,211.0,0.099,306.0,0.0
7,0.92,13.4,14.6,4.8,0.027,214.0,0.1939999999999999,255.0,1.0
12,0.67,11.6,17.4,5.8,0.027,159.0,0.103,255.0,0.0
4,1.04,12.1,11.6,1.9,0.1989999999999999,193.0,0.372,2754.0,1.0
10,1.0,12.9,12.9,3.7,0.132,184.0,0.195,1836.0,1.0
9,1.3,16.1,12.4,2.1,0.129,249.0,0.32,1785.0,1.0
8,0.86,9.4,10.9,2.3,0.125,173.0,0.354,1734.0,1.0
7,0.67,8.7,13.0,1.7,0.066,139.0,0.244,918.0,0.0
3,0.93,9.6,10.3,2.1,0.066,138.0,0.358,918.0,1.0
13,1.01,11.5,11.4,4.1,0.048,176.0,0.173,663.0,1.0
12,0.8,10.2,12.7,3.2,0.044,148.0,0.361,612.0,1.0
6,1.09,12.7,11.7,3.5,0.044,176.0,0.289,612.0,1.0
1,1.02,12.1,11.9,4.5,0.04,164.0,0.271,561.0,2.0
5,1.02,10.2,10.0,1.6,0.033,173.0,0.272,459.0,1.0
14,1.24,10.5,8.5,1.3,0.0289999999999999,192.0,0.2739999999999999,408.0,1.0
2,0.64,8.5,13.3,4.8,0.022,122.0,0.1369999999999999,306.0,1.0
11,1.14,14.0,12.3,4.0,0.015,199.0,0.286,204.0,2.0
0,0.83,15.0,18.0,8.5,0.0069999999999999,183.0,0.1669999999999999,102.0,1.0
10,0.99,13.6,13.8,4.5,0.16,195.0,0.1169999999999999,2652.0,1.0
9,1.12,16.5,14.8,4.1,0.157,241.0,0.162,2601.0,1.0
4,1.0,15.4,15.4,3.4,0.136,232.0,0.2,2244.0,1.0
6,0.89,13.1,14.7,4.4,0.108,191.0,0.118,1785.0,1.0
8,0.97,17.4,17.9,4.9,0.083,243.0,0.163,1377.0,1.0
5,0.85,11.3,13.3,4.1,0.077,193.0,0.081,1275.0,1.0
3,1.14,16.0,14.0,4.3,0.068,220.0,0.14,1122.0,1.0
11,0.9,13.2,14.7,4.8,0.034,189.0,0.0969999999999999,561.0,1.0
13,0.75,12.0,16.0,6.8,0.031,180.0,0.1169999999999999,510.0,0.0
12,0.92,14.4,15.6,4.8,0.031,217.0,0.0969999999999999,510.0,0.0
7,0.93,12.6,13.5,3.9,0.031,209.0,0.175,510.0,1.0
2,1.04,14.6,14.0,6.7,0.0279999999999999,209.0,0.115,459.0,1.0
1,0.81,12.6,15.5,6.0,0.025,195.0,0.198,408.0,0.0
14,0.81,14.6,18.0,3.8,0.015,193.0,0.11,255.0,0.0
0,1.25,14.8,11.8,4.6,0.015,208.0,0.081,255.0,2.0
9,1.17,18.3,15.6,4.5,0.165,248.0,0.153,5712.0,1.0
4,1.11,17.4,15.7,3.9,0.14,240.0,0.185,4845.0,1.0
10,1.0,14.0,14.0,4.9,0.125,200.0,0.124,4335.0,1.0
8,1.01,16.2,16.0,5.4,0.102,240.0,0.1689999999999999,3519.0,1.0
6,0.9,14.1,15.7,4.9,0.088,196.0,0.122,3060.0,1.0
5,1.05,14.7,14.0,4.0,0.081,215.0,0.107,2805.0,1.0
3,0.99,14.1,14.2,5.0,0.052,191.0,0.069,1785.0,1.0
13,0.96,14.2,14.8,5.7,0.049,206.0,0.115,1683.0,1.0
2,0.96,15.5,16.2,6.9,0.0409999999999999,214.0,0.133,1428.0,1.0
12,0.94,14.1,15.0,6.2,0.04,201.0,0.0819999999999999,1377.0,1.0
7,1.1,18.5,16.8,5.5,0.038,252.0,0.165,1326.0,1.0
1,0.78,12.1,15.5,5.2,0.025,191.0,0.156,867.0,1.0
11,1.07,15.4,14.4,3.7,0.022,210.0,0.156,765.0,1.0
14,0.83,13.2,15.8,4.2,0.019,184.0,0.163,663.0,1.0
0,1.03,16.8,16.3,5.3,0.012,217.0,0.0969999999999999,408.0,0.0
9,1.17,18.2,15.5,3.9,0.148,255.0,0.156,3825.0,1.0
4,1.17,18.5,15.8,3.7,0.144,259.0,0.205,3723.0,1.0
10,1.06,15.4,14.6,4.7,0.134,213.0,0.13,3468.0,1.0
8,1.16,17.6,15.2,6.0,0.089,263.0,0.172,2295.0,1.0
6,1.01,15.0,14.9,4.6,0.087,217.0,0.115,2244.0,1.0
5,1.19,16.1,13.6,4.0,0.067,233.0,0.128,1734.0,1.0
3,1.09,15.0,13.8,4.4,0.059,211.0,0.14,1530.0,1.0
7,1.05,17.2,16.4,4.5,0.053,238.0,0.198,1377.0,1.0
13,1.0,13.4,13.4,5.7,0.049,206.0,0.075,1275.0,1.0
2,0.98,14.9,15.2,7.4,0.0409999999999999,213.0,0.151,1071.0,1.0
12,1.01,14.2,14.1,5.8,0.034,209.0,0.099,867.0,1.0
11,1.0,15.8,15.9,3.1,0.03,216.0,0.1009999999999999,765.0,1.0
1,0.71,12.4,17.3,4.9,0.0279999999999999,178.0,0.127,714.0,1.0
14,1.07,16.8,15.7,2.8,0.022,238.0,0.157,561.0,1.0
0,0.9,12.8,14.1,6.5,0.016,188.0,0.078,408.0,1.0
10,1.09,16.2,14.9,5.2,0.19,216.0,0.138,1734.0,1.0
9,1.03,15.7,15.2,4.2,0.168,226.0,0.115,1530.0,1.0
8,0.99,14.5,14.6,4.4,0.151,240.0,0.156,1377.0,1.0
4,1.43,20.9,14.6,4.3,0.1119999999999999,280.0,0.23,1020.0,2.0
5,0.93,13.2,14.2,4.6,0.1009999999999999,192.0,0.071,918.0,1.0
6,1.01,13.6,13.5,4.9,0.061,200.0,0.107,561.0,1.0
3,0.83,14.2,17.1,4.1,0.0559999999999999,178.0,0.092,510.0,1.0
12,1.01,16.0,15.9,3.9,0.045,212.0,0.055,408.0,0.0
7,1.17,16.6,14.1,4.9,0.039,258.0,0.103,357.0,1.0
2,0.75,13.8,18.4,9.6,0.0279999999999999,188.0,0.145,255.0,1.0
0,1.29,16.3,12.7,3.3,0.017,215.0,0.122,153.0,1.0
11,1.19,14.3,12.0,5.7,0.017,213.0,0.14,153.0,2.0
1,0.73,8.0,11.0,5.5,0.011,155.0,0.125,102.0,1.0
13,1.07,16.0,15.0,9.0,0.006,207.0,0.125,51.0,2.0
10,0.85,12.0,14.0,4.0,0.152,177.0,0.118,3366.0,1.0
9,0.93,14.1,15.2,4.8,0.136,217.0,0.168,3009.0,1.0
4,1.04,15.4,14.8,4.4,0.127,233.0,0.177,2805.0,1.0
8,1.0,16.0,16.0,5.6,0.09,230.0,0.143,1989.0,1.0
5,0.92,12.5,13.6,4.6,0.083,189.0,0.089,1836.0,1.0
12,0.82,12.2,14.9,5.1,0.067,188.0,0.141,1479.0,1.0
6,1.05,13.5,12.8,4.3,0.055,198.0,0.096,1224.0,1.0
2,0.89,13.9,15.7,5.6,0.053,204.0,0.147,1173.0,1.0
13,0.87,12.7,14.6,6.1,0.051,170.0,0.079,1122.0,1.0
7,0.91,12.7,13.9,4.1,0.048,203.0,0.105,1071.0,1.0
11,0.8,12.7,15.8,4.4,0.046,177.0,0.11,1020.0,0.0
3,1.01,14.8,14.6,4.6,0.035,211.0,0.113,765.0,1.0
14,0.65,11.4,17.7,3.5,0.0279999999999999,165.0,0.109,612.0,0.0
1,0.81,13.3,16.4,5.1,0.018,187.0,0.142,408.0,1.0
0,1.28,15.0,11.8,4.8,0.009,211.0,0.1169999999999999,204.0,2.0
10,0.94,11.3,12.0,3.7,0.139,183.0,0.1169999999999999,90015.0,1.0
4,1.1,14.0,12.7,3.4,0.133,232.0,0.171,86037.0,1.0
9,1.12,14.0,12.5,3.6,0.131,234.0,0.153,84660.0,1.0
8,1.02,13.1,12.9,4.5,0.106,228.0,0.15,68442.0,1.0
7,0.98,12.4,12.7,3.5,0.065,208.0,0.162,42432.0,1.0
12,0.88,11.1,12.6,4.5,0.062,185.0,0.104,40239.0,1.0
6,0.98,12.2,12.4,3.9,0.061,200.0,0.132,39576.0,1.0
5,0.98,11.7,11.9,3.6,0.059,198.0,0.103,38556.0,1.0
13,0.92,11.4,12.3,4.0,0.048,189.0,0.113,30855.0,1.0
3,0.99,12.1,12.2,3.8,0.047,195.0,0.107,30600.0,1.0
14,0.94,12.1,12.9,3.2,0.042,199.0,0.141,27234.0,1.0
11,0.92,11.5,12.5,3.5,0.039,188.0,0.123,24990.0,1.0
2,0.95,12.0,12.6,5.1,0.032,200.0,0.123,20757.0,1.0
1,0.92,11.9,12.9,4.2,0.024,196.0,0.148,15708.0,1.0
0,1.0,13.5,13.5,4.0,0.013,207.0,0.109,8109.0,1.0
10,0.74,12.1,16.3,5.2,0.15,169.0,0.096,918.0,1.0
9,0.97,16.1,16.6,4.5,0.125,213.0,0.166,765.0,1.0
6,0.83,12.1,14.6,3.7,0.108,185.0,0.134,663.0,1.0
8,0.93,15.2,16.4,6.2,0.108,234.0,0.141,663.0,1.0
13,0.92,13.8,15.0,6.2,0.1,192.0,0.12,612.0,1.0
5,1.18,15.7,13.3,5.8,0.092,226.0,0.098,561.0,1.0
4,1.05,16.1,15.4,4.1,0.083,246.0,0.193,510.0,1.0
14,0.94,15.5,16.5,3.8,0.05,199.0,0.108,306.0,1.0
3,0.96,15.0,15.7,6.7,0.05,206.0,0.111,306.0,1.0
7,1.08,13.6,12.6,3.6,0.042,205.0,0.088,255.0,1.0
12,0.63,9.8,15.5,4.5,0.033,147.0,0.179,204.0,0.0
11,0.84,14.3,17.0,6.0,0.025,180.0,0.047,153.0,1.0
2,0.78,16.0,20.5,10.5,0.017,201.0,0.125,102.0,1.0
1,0.66,10.5,16.0,5.0,0.017,171.0,0.143,102.0,0.0
10,0.97,14.0,14.3,4.6,0.179,196.0,0.1369999999999999,1071.0,1.0
9,1.15,17.4,15.2,4.3,0.171,241.0,0.146,1020.0,1.0
8,1.16,19.9,17.2,5.8,0.154,257.0,0.176,918.0,1.0
6,0.94,13.7,14.6,5.6,0.12,197.0,0.099,714.0,1.0
4,1.17,16.8,14.3,4.6,0.085,265.0,0.196,510.0,1.0
5,1.09,14.0,12.9,3.7,0.085,201.0,0.093,510.0,1.0
3,0.66,10.9,16.4,3.4,0.06,162.0,0.066,357.0,0.0
1,0.82,10.3,12.5,7.0,0.034,162.0,0.146,204.0,2.0
7,0.8,13.3,16.7,9.0,0.026,195.0,0.225,153.0,1.0
13,0.7,10.3,14.7,4.0,0.026,161.0,0.065,153.0,1.0
2,0.68,13.7,20.0,11.3,0.026,159.0,0.098,153.0,1.0
11,0.97,14.0,14.5,2.5,0.017,181.0,0.179,102.0,2.0
0,1.67,25.0,15.0,3.0,0.009,290.0,0.12,51.0,2.0
14,0.47,8.0,17.0,4.0,0.009,139.0,0.25,51.0,0.0
10,0.91,13.1,14.4,4.5,0.208,187.0,0.102,3366.0,1.0
9,1.03,14.9,14.5,4.6,0.132,231.0,0.185,2142.0,1.0
4,1.0,14.7,14.8,3.9,0.1009999999999999,222.0,0.174,1632.0,1.0
12,1.0,14.2,14.3,5.4,0.072,218.0,0.113,1173.0,1.0
6,0.91,13.1,14.4,4.0,0.069,185.0,0.135,1122.0,1.0
8,1.01,14.8,14.7,5.4,0.069,216.0,0.138,1122.0,1.0
5,1.01,12.8,12.6,3.3,0.057,186.0,0.096,918.0,1.0
3,0.76,11.5,15.2,3.8,0.057,162.0,0.072,918.0,0.0
2,0.83,12.4,14.8,6.7,0.053,192.0,0.11,867.0,0.0
7,1.2,18.1,15.1,4.2,0.053,262.0,0.159,867.0,1.0
11,1.16,15.8,13.6,4.3,0.0409999999999999,219.0,0.17,663.0,1.0
13,0.9,12.6,13.9,4.7,0.038,187.0,0.113,612.0,1.0
14,0.9,13.6,15.0,5.0,0.022,209.0,0.179,357.0,1.0
1,0.76,12.0,15.9,4.7,0.022,183.0,0.119,357.0,1.0
0,0.77,12.0,15.5,4.0,0.006,145.0,0.083,102.0,1.0
10,0.91,12.3,13.5,4.2,0.1689999999999999,183.0,0.106,6120.0,1.0
9,1.07,16.7,15.7,4.2,0.145,238.0,0.162,5253.0,1.0
4,1.01,15.1,15.0,4.2,0.124,227.0,0.185,4488.0,1.0
5,0.94,13.7,14.5,4.5,0.086,203.0,0.092,3111.0,1.0
8,0.98,16.3,16.6,5.5,0.081,235.0,0.129,2907.0,1.0
12,0.9,12.3,13.6,5.8,0.073,191.0,0.111,2652.0,1.0
6,1.04,15.4,14.8,5.0,0.068,222.0,0.111,2448.0,1.0
3,0.96,14.0,14.5,5.1,0.0579999999999999,199.0,0.096,2091.0,1.0
2,1.0,14.5,14.5,6.6,0.044,207.0,0.111,1581.0,1.0
7,1.14,16.2,14.3,4.0,0.042,244.0,0.1689999999999999,1530.0,1.0
13,1.17,15.9,13.5,5.0,0.04,232.0,0.128,1428.0,1.0
11,0.97,13.9,14.3,3.4,0.031,194.0,0.111,1122.0,1.0
14,1.28,14.3,11.2,2.5,0.017,228.0,0.11,612.0,2.0
0,0.84,12.9,15.4,5.9,0.011,171.0,0.1169999999999999,408.0,1.0
1,1.21,17.9,14.7,4.6,0.01,256.0,0.168,357.0,2.0
4,1.1,17.9,16.2,3.6,0.185,242.0,0.217,4386.0,1.0
9,1.1,17.0,15.5,3.6,0.146,239.0,0.147,3468.0,1.0
12,1.01,14.6,14.4,6.6,0.108,206.0,0.089,2550.0,1.0
10,1.0,14.1,14.1,4.2,0.095,197.0,0.123,2244.0,1.0
8,1.01,15.2,15.0,5.0,0.073,235.0,0.147,1734.0,1.0
3,1.03,15.0,14.6,4.0,0.073,202.0,0.114,1734.0,1.0
13,0.9,13.7,15.3,6.4,0.062,192.0,0.151,1479.0,1.0
6,0.83,12.1,14.7,6.4,0.06,180.0,0.141,1428.0,1.0
5,0.94,13.4,14.3,4.3,0.0559999999999999,187.0,0.0969999999999999,1326.0,2.0
11,0.93,14.4,15.5,4.5,0.0409999999999999,190.0,0.135,969.0,1.0
2,1.04,15.0,14.5,7.4,0.037,207.0,0.098,867.0,1.0
0,1.01,14.1,13.9,5.2,0.024,195.0,0.065,561.0,1.0
1,0.95,15.7,16.6,7.3,0.019,209.0,0.17,459.0,1.0
7,0.93,15.7,16.8,3.7,0.013,223.0,0.149,306.0,0.0
14,0.86,14.0,16.3,3.0,0.009,213.0,0.179,204.0,0.0
9,1.15,17.5,15.2,4.2,0.153,252.0,0.159,57732.0,1.0
10,0.92,13.5,14.6,4.4,0.149,189.0,0.115,56151.0,1.0
4,1.13,17.3,15.3,3.9,0.13,246.0,0.177,49011.0,1.0
6,0.98,15.0,15.4,5.1,0.086,208.0,0.128,32487.0,1.0
8,1.0,15.7,15.7,4.9,0.077,235.0,0.152,28917.0,1.0
12,0.96,14.1,14.7,5.7,0.074,202.0,0.114,27846.0,1.0
5,1.0,13.9,14.0,4.2,0.068,205.0,0.105,25653.0,1.0
13,1.01,14.7,14.6,5.4,0.053,205.0,0.1119999999999999,19788.0,1.0
7,1.07,16.4,15.3,4.4,0.044,240.0,0.17,16677.0,1.0
2,0.94,14.0,14.9,6.6,0.0409999999999999,201.0,0.113,15555.0,1.0
3,0.93,13.6,14.6,4.4,0.0409999999999999,192.0,0.111,15402.0,1.0
11,0.94,14.2,15.1,4.0,0.03,197.0,0.126,11322.0,1.0
1,0.96,14.9,15.5,4.8,0.023,211.0,0.148,8721.0,1.0
14,0.93,14.6,15.7,3.6,0.02,207.0,0.155,7701.0,1.0
0,1.06,15.1,14.3,4.7,0.01,208.0,0.1169999999999999,3927.0,1.0
4,1.11,4.7,4.2,1.2,0.0,0.0,0.0,0.0,0.0
8,1.03,4.3,4.2,1.4,0.0,0.0,0.0,0.0,0.0
9,1.12,4.6,4.1,1.2,0.0,0.0,0.0,0.0,0.0
10,0.89,3.6,4.0,1.1,0.0,0.0,0.0,0.0,0.0
7,0.99,4.0,4.1,1.1,0.0,0.0,0.0,0.0,0.0
14,0.9,3.8,4.2,0.9,0.0,0.0,0.0,0.0,0.0
12,0.92,3.7,4.0,1.5,0.0,0.0,0.0,0.0,0.0
5,0.92,3.6,3.9,1.2,0.0,0.0,0.0,0.0,0.0
6,0.9,3.7,4.1,1.1,0.0,0.0,0.0,0.0,0.0
11,0.94,3.9,4.1,1.2,0.0,0.0,0.0,0.0,0.0
13,0.86,3.5,4.1,1.3,0.0,0.0,0.0,0.0,0.0
1,0.92,3.9,4.2,1.4,0.0,0.0,0.0,0.0,0.0
3,0.93,3.8,4.0,1.1,0.0,0.0,0.0,0.0,0.0
2,0.83,3.4,4.1,1.6,0.0,0.0,0.0,0.0,0.0
0,0.9,3.7,4.1,1.1,0.0,0.0,0.0,0.0,0.0
10,0.95,13.6,14.2,4.4,0.157,191.0,0.111,32844.0,1.0
9,1.14,16.9,14.8,4.4,0.148,248.0,0.158,31008.0,1.0
4,1.1,16.9,15.3,4.1,0.121,243.0,0.173,25194.0,1.0
6,0.98,14.8,15.1,4.7,0.084,209.0,0.122,17544.0,1.0
8,0.99,15.4,15.6,5.2,0.08,229.0,0.153,16728.0,1.0
5,0.96,13.6,14.2,4.4,0.074,201.0,0.106,15555.0,1.0
12,0.94,13.5,14.3,5.6,0.072,202.0,0.114,14994.0,1.0
13,0.92,13.8,14.9,5.3,0.05,195.0,0.109,10353.0,1.0
7,1.01,15.2,15.1,4.2,0.047,224.0,0.159,9843.0,1.0
2,0.96,13.8,14.5,6.1,0.0409999999999999,200.0,0.124,8619.0,1.0
11,0.96,14.2,14.9,4.2,0.035,201.0,0.142,7293.0,1.0
3,0.96,14.4,14.9,4.5,0.032,201.0,0.1,6681.0,1.0
1,0.96,14.2,14.8,5.1,0.024,203.0,0.134,5049.0,1.0
14,1.04,15.2,14.6,3.5,0.024,225.0,0.1639999999999999,4998.0,1.0
0,0.94,14.2,15.1,4.7,0.011,192.0,0.107,2244.0,1.0
4,1.08,17.1,15.8,3.6,0.156,238.0,0.208,9588.0,1.0
9,1.16,17.7,15.3,3.7,0.132,241.0,0.171,8109.0,1.0
10,0.94,14.0,14.8,4.4,0.121,193.0,0.0969999999999999,7446.0,1.0
12,1.01,14.6,14.4,6.7,0.1009999999999999,207.0,0.092,6222.0,1.0
6,1.06,15.5,14.7,6.6,0.088,210.0,0.102,5406.0,1.0
8,1.03,16.4,15.9,5.3,0.08,238.0,0.17,4896.0,1.0
13,1.03,15.1,14.6,5.9,0.061,209.0,0.1159999999999999,3774.0,1.0
3,0.93,13.6,14.6,4.0,0.0559999999999999,193.0,0.084,3468.0,1.0
5,0.95,13.9,14.7,4.0,0.054,196.0,0.119,3315.0,1.0
11,1.03,15.0,14.6,4.0,0.0409999999999999,206.0,0.098,2499.0,1.0
2,1.02,14.6,14.3,7.0,0.035,206.0,0.094,2142.0,1.0
7,0.95,15.8,16.6,4.6,0.027,226.0,0.179,1632.0,1.0
0,1.07,14.8,13.8,5.7,0.02,200.0,0.093,1224.0,1.0
14,1.09,16.6,15.3,3.6,0.0139999999999999,233.0,0.155,867.0,1.0
1,0.89,14.1,15.8,5.9,0.013,190.0,0.102,816.0,1.0
4,0.93,15.0,16.1,4.1,0.206,219.0,0.221,663.0,1.0
9,1.38,18.0,13.0,3.7,0.175,292.0,0.162,561.0,1.0
10,0.96,12.0,12.5,5.6,0.159,188.0,0.1,510.0,2.0
13,1.8,21.0,11.7,4.7,0.095,259.0,0.095,306.0,2.0
3,1.12,14.3,12.8,4.0,0.063,211.0,0.105,204.0,2.0
8,1.3,18.3,14.0,4.5,0.063,281.0,0.151,204.0,2.0
5,1.18,13.3,11.3,1.3,0.048,192.0,0.05,153.0,1.0
12,0.66,10.3,15.7,5.3,0.048,185.0,0.1939999999999999,153.0,1.0
6,0.79,11.5,14.5,4.5,0.032,171.0,0.087,102.0,0.0
11,1.11,15.5,14.0,2.5,0.032,193.0,0.0969999999999999,102.0,2.0
0,0.97,15.0,15.5,4.0,0.032,204.0,0.0,102.0,0.0
7,0.97,16.0,16.5,3.5,0.032,214.0,0.25,102.0,1.0
2,0.92,11.0,12.0,6.0,0.016,194.0,0.091,51.0,2.0
4,1.12,17.5,15.6,3.7,0.1639999999999999,248.0,0.1939999999999999,14790.0,1.0
9,1.14,17.8,15.6,4.0,0.154,252.0,0.157,13821.0,1.0
10,1.01,14.1,14.0,4.4,0.141,198.0,0.124,12648.0,1.0
6,0.97,14.8,15.2,5.6,0.0819999999999999,206.0,0.118,7395.0,1.0
12,0.95,13.9,14.7,6.3,0.077,200.0,0.0969999999999999,6936.0,1.0
8,1.06,16.3,15.3,4.9,0.071,247.0,0.162,6426.0,1.0
5,0.98,13.7,14.0,3.8,0.07,198.0,0.09,6273.0,1.0
13,1.02,15.1,14.7,5.5,0.044,207.0,0.1169999999999999,3927.0,1.0
3,0.88,12.9,14.6,3.8,0.042,183.0,0.0969999999999999,3774.0,1.0
7,1.04,15.9,15.3,3.8,0.0409999999999999,235.0,0.161,3723.0,1.0
11,0.99,15.0,15.1,4.1,0.039,205.0,0.1169999999999999,3519.0,1.0
2,0.97,14.6,15.1,6.8,0.032,200.0,0.131,2907.0,1.0
1,0.95,14.6,15.4,4.7,0.016,201.0,0.146,1428.0,1.0
14,0.91,14.6,16.0,3.3,0.0139999999999999,205.0,0.182,1224.0,0.0
0,0.97,15.1,15.6,5.0,0.0139999999999999,198.0,0.094,1224.0,1.0
10,0.78,11.5,14.7,4.2,0.188,164.0,0.1169999999999999,9231.0,1.0
8,0.9,13.1,14.6,4.3,0.1169999999999999,207.0,0.139,5763.0,1.0
4,1.01,14.3,14.1,4.1,0.108,210.0,0.152,5304.0,1.0
9,1.01,14.7,14.6,3.9,0.103,224.0,0.147,5049.0,1.0
13,0.8,11.0,13.9,4.3,0.069,165.0,0.118,3417.0,1.0
5,0.86,12.6,14.7,4.3,0.066,185.0,0.122,3264.0,1.0
7,0.99,13.1,13.3,4.2,0.063,202.0,0.147,3111.0,1.0
6,0.85,12.6,14.7,4.5,0.06,189.0,0.14,2958.0,1.0
12,0.8,12.1,15.1,5.4,0.051,182.0,0.134,2499.0,1.0
2,0.89,12.8,14.3,5.6,0.048,192.0,0.111,2346.0,1.0
11,0.76,10.4,13.7,3.6,0.039,149.0,0.109,1938.0,1.0
14,0.86,12.2,14.2,3.3,0.039,186.0,0.149,1938.0,1.0
3,0.95,14.5,15.3,5.0,0.023,193.0,0.088,1122.0,1.0
1,0.75,11.4,15.2,4.4,0.022,161.0,0.113,1071.0,1.0
0,1.2,15.3,12.8,4.8,0.004,217.0,0.0819999999999999,204.0,1.0
4,1.15,13.0,11.3,1.4,0.0,0.0,0.0,0.0,0.0
9,1.23,15.0,12.2,2.2,0.0,0.0,0.0,0.0,0.0
10,0.88,10.3,11.7,2.5,0.0,0.0,0.0,0.0,0.0
8,0.74,11.0,14.8,2.2,0.0,0.0,0.0,0.0,0.0
7,0.84,10.0,11.8,1.8,0.0,0.0,0.0,0.0,0.0
12,0.99,11.3,11.4,3.1,0.0,0.0,0.0,0.0,0.0
6,0.96,11.7,12.2,3.2,0.0,0.0,0.0,0.0,0.0
14,0.96,11.3,11.8,1.3,0.0,0.0,0.0,0.0,0.0
5,0.97,10.6,11.0,1.9,0.0,0.0,0.0,0.0,0.0
13,0.9,9.8,10.9,2.2,0.0,0.0,0.0,0.0,0.0
3,0.93,10.3,11.2,1.8,0.0,0.0,0.0,0.0,0.0
11,1.05,11.5,11.0,2.5,0.0,0.0,0.0,0.0,0.0
1,1.01,11.2,11.1,3.2,0.0,0.0,0.0,0.0,0.0
2,0.95,11.7,12.3,3.8,0.0,0.0,0.0,0.0,0.0
0,0.97,11.1,11.4,2.6,0.0,0.0,0.0,0.0,0.0
9,1.16,17.7,15.2,4.3,0.151,253.0,0.1689999999999999,13872.0,1.0
4,1.1,16.8,15.3,3.6,0.148,244.0,0.19,13617.0,1.0
10,1.0,14.1,14.1,4.3,0.139,197.0,0.111,12750.0,1.0
6,0.95,14.5,15.2,5.0,0.104,201.0,0.126,9588.0,1.0
8,1.03,16.4,15.9,5.1,0.078,243.0,0.161,7140.0,1.0
12,0.94,14.3,15.3,5.9,0.064,201.0,0.1009999999999999,5916.0,1.0
5,0.97,13.4,13.9,4.3,0.0559999999999999,201.0,0.095,5100.0,1.0
3,1.02,14.8,14.5,4.1,0.048,202.0,0.106,4386.0,1.0
2,0.96,14.3,15.0,6.5,0.045,203.0,0.095,4131.0,1.0
7,0.91,14.2,15.6,4.0,0.042,215.0,0.175,3825.0,1.0
13,0.98,14.5,14.8,5.1,0.04,204.0,0.126,3672.0,1.0
11,0.94,14.3,15.1,3.9,0.032,200.0,0.129,2958.0,1.0
14,1.0,15.8,15.7,3.4,0.021,215.0,0.134,1938.0,0.0
1,0.84,13.2,15.6,5.9,0.017,194.0,0.1669999999999999,1581.0,1.0
0,1.06,15.6,14.7,4.8,0.015,208.0,0.1159999999999999,1377.0,1.0
4,1.14,17.6,15.4,4.0,0.156,248.0,0.181,32946.0,1.0
9,1.17,18.1,15.5,4.2,0.155,256.0,0.1639999999999999,32844.0,1.0
10,0.96,13.9,14.5,4.6,0.124,195.0,0.12,26316.0,1.0
6,0.93,14.0,15.1,5.1,0.091,199.0,0.124,19176.0,1.0
8,1.05,16.2,15.4,4.9,0.083,241.0,0.157,17646.0,1.0
5,1.01,14.0,13.8,4.0,0.07,206.0,0.0969999999999999,14841.0,1.0
12,0.96,14.0,14.6,5.6,0.064,203.0,0.099,13617.0,1.0
13,1.0,14.6,14.7,5.6,0.052,206.0,0.106,11067.0,1.0
7,1.09,16.5,15.2,4.0,0.048,237.0,0.157,10098.0,1.0
2,1.01,14.9,14.9,6.6,0.037,215.0,0.1159999999999999,7905.0,1.0
3,0.99,14.1,14.3,4.3,0.036,197.0,0.088,7650.0,1.0
11,0.97,14.2,14.7,3.9,0.026,204.0,0.138,5559.0,1.0
14,0.91,14.7,16.1,3.7,0.022,203.0,0.143,4590.0,1.0
1,0.94,14.5,15.4,5.4,0.021,208.0,0.128,4386.0,1.0
0,0.99,14.9,15.1,4.8,0.0139999999999999,211.0,0.0969999999999999,3009.0,1.0
9,1.2,18.2,15.2,4.1,0.1639999999999999,260.0,0.1639999999999999,24072.0,1.0
4,1.17,18.0,15.4,3.8,0.155,256.0,0.187,22746.0,1.0
10,0.98,14.3,14.6,4.7,0.128,196.0,0.113,18870.0,1.0
6,0.97,14.4,14.8,5.1,0.085,203.0,0.123,12495.0,1.0
8,1.03,15.9,15.4,5.2,0.071,236.0,0.1639999999999999,10506.0,1.0
12,1.0,14.1,14.0,5.8,0.071,204.0,0.098,10404.0,1.0
5,1.02,13.8,13.5,3.8,0.065,206.0,0.105,9537.0,1.0
13,1.07,15.1,14.1,5.4,0.052,213.0,0.109,7701.0,1.0
7,1.08,16.5,15.3,4.4,0.043,237.0,0.174,6273.0,1.0
3,0.96,14.0,14.6,4.5,0.042,200.0,0.106,6222.0,1.0
2,0.94,14.1,15.0,6.4,0.0409999999999999,203.0,0.134,6018.0,1.0
11,0.98,14.6,15.0,3.8,0.031,205.0,0.131,4488.0,1.0
1,0.87,13.9,15.9,5.1,0.022,197.0,0.14,3213.0,1.0
14,1.02,16.2,15.9,3.6,0.02,228.0,0.159,2958.0,1.0
0,0.99,15.0,15.2,5.4,0.01,208.0,0.1009999999999999,1479.0,1.0
9,1.17,17.6,15.1,4.1,0.16,252.0,0.16,9333.0,1.0
4,1.17,17.4,14.9,3.7,0.157,247.0,0.198,9180.0,1.0
10,1.05,15.4,14.7,4.8,0.133,207.0,0.1169999999999999,7803.0,1.0
12,0.97,13.9,14.3,6.0,0.084,205.0,0.096,4896.0,1.0
8,1.02,15.4,15.2,4.6,0.076,236.0,0.177,4437.0,1.0
6,0.93,14.3,15.4,5.7,0.076,194.0,0.1009999999999999,4437.0,1.0
5,1.01,14.7,14.6,4.4,0.064,203.0,0.091,3723.0,1.0
3,0.9,14.2,15.7,4.5,0.051,182.0,0.089,3009.0,1.0
13,0.96,13.8,14.3,5.3,0.05,200.0,0.121,2907.0,1.0
7,1.05,16.9,16.1,4.8,0.038,245.0,0.172,2244.0,1.0
11,1.05,14.6,13.8,4.2,0.032,201.0,0.119,1887.0,1.0
2,0.84,13.0,15.5,7.6,0.031,188.0,0.105,1836.0,1.0
1,0.84,12.5,14.9,6.8,0.022,190.0,0.176,1275.0,1.0
0,1.03,14.4,13.9,5.2,0.015,188.0,0.127,867.0,1.0
14,0.9,15.4,17.0,4.2,0.011,213.0,0.16,663.0,1.0
10,0.84,12.0,14.2,4.3,0.177,176.0,0.1169999999999999,21471.0,1.0
9,1.06,15.6,14.7,4.4,0.131,233.0,0.157,15912.0,1.0
4,1.04,15.5,14.9,4.1,0.104,231.0,0.176,12597.0,1.0
8,0.97,14.4,14.9,4.9,0.089,219.0,0.145,10863.0,1.0
5,0.96,13.3,13.8,4.4,0.081,200.0,0.098,9792.0,1.0
12,0.91,13.0,14.3,5.4,0.071,191.0,0.1119999999999999,8619.0,1.0
13,0.85,12.6,14.8,5.2,0.063,184.0,0.1159999999999999,7701.0,1.0
6,0.96,13.8,14.3,4.1,0.063,197.0,0.115,7701.0,1.0
7,0.93,13.9,15.0,3.9,0.053,206.0,0.149,6477.0,1.0
2,0.91,12.9,14.1,5.8,0.0409999999999999,195.0,0.125,4998.0,1.0
11,0.85,12.7,14.9,4.2,0.04,184.0,0.119,4896.0,1.0
3,0.91,12.8,14.1,4.4,0.034,179.0,0.106,4182.0,1.0
14,0.8,12.3,15.4,3.5,0.0289999999999999,182.0,0.131,3519.0,1.0
1,0.85,12.4,14.6,5.2,0.016,188.0,0.138,1938.0,1.0
0,0.95,14.5,15.2,5.2,0.0069999999999999,206.0,0.106,867.0,1.0
4,1.11,13.9,12.6,3.4,0.0,0.0,0.0,0.0,0.0
10,0.9,10.9,12.1,3.6,0.0,0.0,0.0,0.0,0.0
9,1.15,14.3,12.5,3.5,0.0,0.0,0.0,0.0,0.0
8,1.0,12.8,12.7,4.1,0.0,0.0,0.0,0.0,0.0
12,0.94,11.4,12.2,4.4,0.0,0.0,0.0,0.0,0.0
7,0.98,12.2,12.5,3.3,0.0,0.0,0.0,0.0,0.0
6,0.98,12.2,12.5,3.8,0.0,0.0,0.0,0.0,0.0
5,0.96,11.4,11.9,3.6,0.0,0.0,0.0,0.0,0.0
13,0.93,11.5,12.3,4.0,0.0,0.0,0.0,0.0,0.0
14,0.95,12.2,12.8,3.0,0.0,0.0,0.0,0.0,0.0
3,0.97,11.7,12.1,3.7,0.0,0.0,0.0,0.0,0.0
11,0.93,11.5,12.4,3.4,0.0,0.0,0.0,0.0,0.0
2,0.92,11.6,12.6,4.7,0.0,0.0,0.0,0.0,0.0
1,0.95,12.2,12.8,4.2,0.0,0.0,0.0,0.0,0.0
0,1.02,12.7,12.5,3.7,0.0,0.0,0.0,0.0,0.0
10,0.75,11.1,14.7,4.5,0.1689999999999999,163.0,0.113,5151.0,1.0
9,1.02,16.0,15.7,4.5,0.115,224.0,0.163,3519.0,1.0
8,0.85,13.1,15.3,4.8,0.0969999999999999,198.0,0.133,2958.0,1.0
4,0.99,15.4,15.6,4.0,0.093,223.0,0.1689999999999999,2856.0,1.0
5,1.0,13.6,13.6,4.4,0.087,203.0,0.085,2652.0,1.0
6,0.86,13.1,15.2,3.9,0.08,192.0,0.136,2448.0,1.0
12,0.78,11.2,14.4,5.1,0.08,169.0,0.104,2448.0,1.0
13,0.92,14.2,15.4,5.7,0.063,195.0,0.093,1938.0,1.0
7,1.11,14.6,13.2,4.1,0.053,219.0,0.16,1632.0,1.0
14,0.93,13.3,14.3,3.3,0.038,193.0,0.16,1173.0,1.0
3,0.78,11.7,15.0,5.3,0.038,173.0,0.1,1173.0,1.0
2,0.79,12.1,15.3,5.9,0.027,178.0,0.109,816.0,1.0
11,0.98,13.9,14.2,4.5,0.025,193.0,0.115,765.0,1.0
1,0.93,12.4,13.4,5.3,0.022,192.0,0.1119999999999999,663.0,1.0
0,0.7,9.9,14.0,4.0,0.012,158.0,0.159,357.0,1.0
9,1.12,17.1,15.2,3.9,0.173,244.0,0.159,14076.0,1.0
4,1.14,17.5,15.4,3.7,0.162,247.0,0.184,13158.0,1.0
10,0.99,14.3,14.4,4.7,0.124,196.0,0.099,10047.0,1.0
6,1.01,15.0,14.9,5.3,0.081,211.0,0.129,6579.0,1.0
12,1.01,14.0,13.9,5.6,0.075,201.0,0.107,6120.0,1.0
8,1.0,15.8,15.8,4.9,0.075,231.0,0.153,6069.0,1.0
5,1.05,14.6,13.9,4.1,0.065,214.0,0.1,5304.0,1.0
13,0.99,13.5,13.7,5.1,0.046,196.0,0.114,3774.0,1.0
3,0.99,13.9,14.1,3.6,0.046,194.0,0.114,3723.0,1.0
7,0.94,14.2,15.2,3.6,0.045,217.0,0.184,3672.0,1.0
2,0.98,14.5,14.7,7.2,0.032,204.0,0.11,2601.0,1.0
11,0.93,13.5,14.5,3.6,0.032,196.0,0.119,2601.0,1.0
1,1.03,14.8,14.4,4.8,0.021,210.0,0.125,1683.0,1.0
0,1.01,15.5,15.4,4.8,0.012,199.0,0.088,969.0,1.0
14,0.9,14.1,15.6,3.9,0.012,213.0,0.142,969.0,1.0
4,1.11,17.2,15.6,4.0,0.166,239.0,0.201,6528.0,1.0
9,1.17,17.7,15.1,4.5,0.149,249.0,0.1669999999999999,5865.0,1.0
10,0.96,13.9,14.5,4.3,0.144,193.0,0.102,5661.0,1.0
6,0.94,13.9,14.8,5.8,0.094,194.0,0.123,3723.0,1.0
12,0.98,14.3,14.6,6.1,0.0819999999999999,207.0,0.093,3213.0,1.0
8,0.99,16.0,16.2,5.0,0.071,231.0,0.179,2805.0,1.0
5,0.95,14.0,14.7,4.4,0.061,199.0,0.096,2397.0,1.0
13,1.01,13.5,13.3,4.9,0.053,199.0,0.119,2091.0,1.0
3,0.83,12.4,15.0,3.2,0.049,181.0,0.0969999999999999,1938.0,1.0
11,0.96,14.1,14.6,3.4,0.032,195.0,0.108,1275.0,1.0
2,0.9,14.3,15.8,7.2,0.03,195.0,0.125,1173.0,1.0
14,1.07,17.1,16.0,3.5,0.021,253.0,0.182,816.0,1.0
7,1.07,16.6,15.6,4.6,0.021,235.0,0.18,816.0,1.0
1,0.87,12.1,13.9,6.7,0.0139999999999999,185.0,0.12,561.0,1.0
0,0.92,14.1,15.4,5.5,0.0139999999999999,196.0,0.11,561.0,1.0
10,0.88,12.4,14.1,4.4,0.184,179.0,0.114,15096.0,1.0
9,1.06,15.7,14.7,4.5,0.147,232.0,0.163,12036.0,1.0
4,1.02,15.0,14.7,4.2,0.1,225.0,0.1689999999999999,8211.0,1.0
8,1.0,15.1,15.0,4.8,0.08,230.0,0.1369999999999999,6528.0,1.0
5,1.0,13.8,13.8,4.2,0.077,202.0,0.105,6273.0,1.0
6,0.88,12.9,14.7,4.4,0.076,186.0,0.12,6222.0,1.0
12,0.92,13.2,14.3,5.2,0.065,199.0,0.122,5355.0,1.0
13,0.87,12.7,14.5,4.9,0.055,187.0,0.113,4539.0,1.0
7,1.09,16.4,15.0,4.4,0.042,240.0,0.144,3417.0,1.0
2,0.8,12.6,15.7,6.1,0.0409999999999999,187.0,0.125,3366.0,1.0
11,0.86,12.8,14.8,4.1,0.04,190.0,0.13,3264.0,1.0
3,0.93,13.2,14.2,4.2,0.039,185.0,0.099,3213.0,1.0
14,0.97,14.2,14.6,4.2,0.0289999999999999,210.0,0.13,2346.0,1.0
1,0.76,11.6,15.2,5.0,0.016,171.0,0.132,1326.0,1.0
0,0.91,13.2,14.5,3.4,0.008,182.0,0.1159999999999999,663.0,1.0
10,0.91,12.8,14.0,4.5,0.1669999999999999,186.0,0.111,35853.0,1.0
9,1.1,16.6,15.1,4.3,0.139,243.0,0.165,29784.0,1.0
4,1.07,15.8,14.8,4.0,0.11,231.0,0.174,23613.0,1.0
6,0.96,14.1,14.8,4.7,0.086,204.0,0.12,18360.0,1.0
5,0.97,13.3,13.7,4.3,0.079,203.0,0.099,17034.0,1.0
12,0.92,13.2,14.4,5.6,0.079,193.0,0.1009999999999999,17034.0,1.0
8,1.0,15.5,15.5,5.0,0.078,235.0,0.142,16728.0,1.0
13,1.05,14.5,13.8,4.8,0.05,211.0,0.119,10812.0,1.0
7,1.05,14.9,14.3,3.8,0.048,225.0,0.171,10302.0,1.0
2,0.9,13.3,14.7,6.0,0.04,196.0,0.124,8670.0,1.0
3,0.92,13.4,14.6,4.3,0.035,190.0,0.108,7497.0,1.0
11,0.87,13.2,15.1,4.0,0.034,189.0,0.122,7344.0,1.0
14,0.94,14.1,15.0,3.4,0.027,208.0,0.161,5865.0,1.0
1,0.95,13.3,14.0,4.9,0.015,204.0,0.158,3315.0,1.0
0,0.92,14.0,15.2,4.8,0.01,193.0,0.108,2091.0,1.0
4,1.15,18.1,15.7,3.5,0.195,254.0,0.196,6273.0,1.0
9,1.09,17.4,16.0,4.0,0.149,242.0,0.163,4794.0,1.0
10,0.97,14.4,14.8,4.7,0.106,194.0,0.114,3417.0,1.0
6,0.96,14.4,15.0,5.8,0.104,192.0,0.113,3366.0,1.0
12,0.99,13.2,13.4,5.8,0.0819999999999999,198.0,0.08,2652.0,1.0
8,1.1,17.8,16.1,5.1,0.068,244.0,0.175,2193.0,1.0
3,0.9,13.7,15.3,3.7,0.055,183.0,0.106,1785.0,1.0
5,1.02,14.6,14.3,3.7,0.054,202.0,0.107,1734.0,1.0
7,1.1,17.2,15.6,3.4,0.051,240.0,0.18,1632.0,1.0
13,0.96,14.4,15.0,6.2,0.038,197.0,0.113,1224.0,1.0
11,0.91,13.8,15.1,3.2,0.03,197.0,0.141,969.0,1.0
2,0.86,13.6,15.7,7.2,0.022,183.0,0.089,714.0,1.0
1,0.88,14.4,16.4,5.8,0.021,188.0,0.1119999999999999,663.0,1.0
0,1.12,14.9,13.3,4.3,0.019,200.0,0.067,612.0,1.0
14,0.88,14.8,16.8,3.3,0.006,215.0,0.136,204.0,1.0
4,1.29,20.4,15.7,3.9,0.275,274.0,0.217,969.0,1.0
12,1.01,15.2,15.1,7.1,0.188,205.0,0.081,663.0,1.0
9,0.92,14.5,15.8,3.6,0.1159999999999999,214.0,0.138,408.0,1.0
10,1.02,14.3,14.0,5.6,0.1009999999999999,194.0,0.11,357.0,2.0
6,0.94,14.8,15.8,7.0,0.072,193.0,0.108,255.0,2.0
7,0.9,15.5,17.3,3.8,0.0579999999999999,229.0,0.145,204.0,0.0
3,0.64,9.5,14.8,3.8,0.0579999999999999,155.0,0.158,204.0,0.0
2,0.81,12.0,14.8,5.3,0.0579999999999999,187.0,0.125,204.0,1.0
11,0.53,9.0,17.0,3.3,0.043,137.0,0.222,153.0,0.0
5,1.0,13.5,13.5,3.5,0.0289999999999999,217.0,0.037,102.0,0.0
9,1.19,17.8,15.0,4.3,0.156,256.0,0.156,9945.0,1.0
10,0.92,13.2,14.3,4.5,0.146,186.0,0.109,9333.0,1.0
4,1.17,17.9,15.3,4.0,0.133,255.0,0.178,8517.0,1.0
6,0.96,15.1,15.7,5.4,0.093,210.0,0.122,5967.0,1.0
12,0.98,14.3,14.6,5.8,0.0819999999999999,207.0,0.094,5253.0,1.0
8,0.97,14.8,15.2,4.2,0.069,225.0,0.139,4386.0,1.0
7,1.02,16.0,15.6,4.5,0.057,239.0,0.172,3672.0,1.0
5,0.87,12.4,14.2,3.7,0.0559999999999999,190.0,0.109,3570.0,1.0
2,0.95,12.9,13.6,6.6,0.052,203.0,0.114,3315.0,1.0
3,0.97,14.0,14.5,4.5,0.049,203.0,0.1119999999999999,3162.0,1.0
13,0.96,14.0,14.7,5.4,0.037,193.0,0.092,2346.0,1.0
11,0.9,13.6,15.1,4.6,0.024,190.0,0.115,1530.0,1.0
1,1.1,15.9,14.5,5.2,0.018,222.0,0.149,1122.0,2.0
0,1.04,14.7,14.1,4.5,0.0139999999999999,215.0,0.106,918.0,1.0
14,0.78,12.8,16.5,4.3,0.0139999999999999,186.0,0.174,867.0,1.0
4,1.13,4.8,4.3,1.2,0.16,234.0,0.157,59874.0,1.0
8,1.01,4.3,4.3,1.3,0.139,215.0,0.148,52071.0,1.0
9,1.11,4.6,4.1,1.2,0.127,223.0,0.149,47787.0,1.0
10,0.9,3.6,4.0,1.2,0.09,176.0,0.131,33762.0,1.0
7,1.02,4.1,4.1,1.1,0.0819999999999999,204.0,0.15,30804.0,1.0
14,0.87,3.7,4.3,1.0,0.067,178.0,0.14,25041.0,1.0
12,0.95,3.8,4.0,1.4,0.064,185.0,0.106,23919.0,1.0
5,0.87,3.4,3.9,1.0,0.048,171.0,0.1009999999999999,18156.0,1.0
11,0.88,3.7,4.3,1.2,0.0409999999999999,180.0,0.1119999999999999,15402.0,1.0
6,1.0,4.0,4.0,1.1,0.04,193.0,0.136,14994.0,1.0
13,0.84,3.5,4.2,1.3,0.036,171.0,0.105,13668.0,1.0
3,0.92,3.7,4.0,1.0,0.033,176.0,0.0969999999999999,12546.0,1.0
1,0.87,3.8,4.3,1.4,0.033,183.0,0.156,12393.0,1.0
2,0.82,3.3,4.1,1.5,0.0279999999999999,165.0,0.139,10659.0,1.0
0,0.91,3.7,4.1,1.0,0.01,182.0,0.095,3774.0,1.0
9,1.15,17.2,15.0,4.5,0.156,245.0,0.1689999999999999,5559.0,1.0
4,1.08,16.3,15.0,3.8,0.136,234.0,0.165,4845.0,1.0
10,0.98,13.7,14.0,4.4,0.136,202.0,0.1159999999999999,4845.0,1.0
6,1.02,15.0,14.7,4.3,0.093,211.0,0.134,3315.0,1.0
12,0.89,12.7,14.4,5.4,0.085,192.0,0.124,3009.0,1.0
5,0.95,13.3,14.1,4.4,0.067,193.0,0.0969999999999999,2397.0,1.0
8,1.08,15.1,14.0,5.0,0.059,239.0,0.155,2091.0,1.0
7,1.1,15.8,14.3,4.3,0.057,240.0,0.16,2040.0,1.0
13,0.98,14.2,14.4,5.0,0.049,206.0,0.12,1734.0,1.0
3,0.96,14.6,15.2,5.0,0.042,202.0,0.109,1479.0,1.0
2,0.98,15.2,15.6,5.7,0.036,209.0,0.153,1275.0,1.0
11,1.08,17.3,16.1,4.5,0.033,220.0,0.141,1173.0,1.0
1,0.98,14.2,14.5,5.4,0.024,209.0,0.183,867.0,1.0
14,0.97,13.9,14.3,4.2,0.017,201.0,0.162,612.0,1.0
0,0.94,13.0,13.8,2.8,0.009,169.0,0.051,306.0,1.0
4,1.05,16.8,15.9,3.6,0.139,230.0,0.203,1428.0,1.0
9,1.32,19.9,15.0,3.8,0.134,262.0,0.153,1377.0,1.0
6,0.9,14.5,16.0,6.3,0.114,203.0,0.096,1173.0,1.0
10,0.96,14.9,15.5,4.0,0.104,202.0,0.09,1071.0,1.0
12,0.93,14.6,15.7,6.1,0.09,199.0,0.111,918.0,1.0
3,0.94,14.4,15.2,4.4,0.085,202.0,0.09,867.0,1.0
8,1.08,17.2,15.9,5.9,0.08,247.0,0.171,816.0,1.0
7,0.85,14.2,16.7,4.5,0.06,217.0,0.176,612.0,0.0
5,0.85,13.5,16.0,4.4,0.055,173.0,0.121,561.0,1.0
11,1.16,14.6,12.6,3.5,0.05,231.0,0.055,510.0,1.0
2,1.36,17.7,13.0,6.7,0.03,241.0,0.142,306.0,2.0
0,1.43,17.5,12.3,5.0,0.02,240.0,0.086,204.0,2.0
13,0.78,13.3,17.0,3.3,0.015,187.0,0.125,153.0,0.0
1,0.76,13.0,17.0,7.0,0.015,165.0,0.154,153.0,1.0
14,1.95,19.5,10.0,2.5,0.01,309.0,0.077,102.0,1.0
9,1.48,19.3,13.0,3.3,0.5,301.0,0.13,204.0,1.0
4,0.82,13.5,16.5,5.5,0.25,193.0,0.296,102.0,1.0
7,0.76,16.0,21.0,5.0,0.125,218.0,0.25,51.0,0.0
10,0.62,8.0,13.0,1.0,0.125,161.0,0.125,51.0,0.0
9,1.13,17.1,15.1,3.4,0.162,244.0,0.166,2550.0,1.0
4,1.11,17.8,15.9,3.8,0.156,246.0,0.21,2448.0,1.0
10,1.0,13.6,13.6,4.1,0.133,188.0,0.104,2091.0,1.0
12,0.88,13.7,15.5,7.2,0.0969999999999999,190.0,0.105,1530.0,1.0
6,0.95,14.8,15.5,6.6,0.068,203.0,0.1159999999999999,1071.0,1.0
5,1.0,13.0,13.1,3.6,0.068,194.0,0.073,1071.0,1.0
8,0.88,12.9,14.6,3.6,0.062,214.0,0.159,969.0,1.0
3,0.82,12.8,15.5,4.2,0.0579999999999999,184.0,0.113,918.0,0.0
2,0.98,15.5,15.9,7.0,0.045,199.0,0.147,714.0,1.0
7,1.03,15.7,15.2,3.7,0.045,235.0,0.123,714.0,1.0
13,0.97,14.9,15.3,6.3,0.023,213.0,0.087,357.0,0.0
11,0.97,16.0,16.4,3.9,0.023,222.0,0.152,357.0,1.0
0,1.0,15.3,15.3,3.8,0.019,189.0,0.054,306.0,1.0
1,1.26,15.5,12.3,4.3,0.019,235.0,0.172,306.0,1.0
14,0.97,14.7,15.2,3.0,0.019,204.0,0.239,306.0,1.0
10,0.9,12.9,14.3,4.3,0.195,178.0,0.127,1836.0,1.0
4,0.93,12.7,13.6,3.4,0.119,200.0,0.154,1122.0,1.0
8,0.98,12.4,12.7,3.2,0.108,201.0,0.153,1020.0,1.0
9,1.17,15.3,13.1,3.6,0.103,244.0,0.134,969.0,1.0
7,0.94,12.9,13.7,4.3,0.081,203.0,0.196,765.0,1.0
14,0.59,8.8,15.0,2.8,0.065,134.0,0.123,612.0,1.0
2,0.99,13.1,13.3,7.1,0.065,197.0,0.096,612.0,2.0
5,0.64,9.5,14.8,4.3,0.054,145.0,0.1889999999999999,510.0,1.0
12,0.79,11.5,14.5,4.5,0.054,185.0,0.174,510.0,1.0
13,0.84,12.2,14.5,5.0,0.054,177.0,0.131,510.0,1.0
6,0.9,11.5,12.8,4.3,0.054,181.0,0.148,510.0,1.0
11,0.57,10.7,18.7,3.3,0.016,127.0,0.094,153.0,0.0
3,0.77,11.0,14.3,3.7,0.016,163.0,0.091,153.0,1.0
1,0.87,11.3,13.0,3.3,0.016,209.0,0.176,153.0,1.0
4,1.08,12.4,11.5,1.3,0.245,187.0,0.47,7650.0,1.0
10,0.89,9.7,10.9,2.2,0.104,158.0,0.271,3264.0,1.0
8,0.83,10.8,13.0,1.9,0.1009999999999999,168.0,0.381,3162.0,1.0
9,1.2,13.3,11.1,1.7,0.095,197.0,0.352,2958.0,1.0
7,0.98,9.9,10.0,1.4,0.07,183.0,0.351,2193.0,1.0
12,1.05,11.4,10.9,2.5,0.069,167.0,0.3289999999999999,2142.0,1.0
14,1.04,11.8,11.4,0.8,0.065,177.0,0.457,2040.0,1.0
6,0.95,11.5,12.1,2.7,0.055,170.0,0.308,1734.0,1.0
5,0.91,9.7,10.7,1.0,0.038,175.0,0.3289999999999999,1173.0,1.0
3,0.97,10.1,10.5,1.2,0.036,175.0,0.261,1122.0,1.0
13,0.78,8.8,11.2,1.3,0.034,157.0,0.25,1071.0,0.0
1,1.16,12.0,10.4,2.7,0.0289999999999999,190.0,0.3979999999999999,918.0,1.0
11,0.92,8.9,9.7,2.3,0.024,140.0,0.239,765.0,1.0
2,0.98,12.1,12.4,3.7,0.024,190.0,0.192,765.0,1.0
0,0.69,6.8,9.8,1.7,0.01,115.0,0.171,306.0,1.0
4,1.09,15.9,14.7,3.0,0.149,232.0,0.173,2244.0,1.0
10,1.01,15.0,14.7,4.1,0.142,200.0,0.107,2142.0,1.0
9,1.19,17.8,14.9,4.0,0.136,254.0,0.183,2040.0,1.0
6,0.9,14.4,16.1,4.8,0.122,196.0,0.125,1836.0,1.0
12,0.95,15.3,16.1,6.3,0.075,198.0,0.083,1122.0,1.0
2,1.02,15.3,15.1,7.2,0.061,213.0,0.065,918.0,1.0
8,1.27,19.3,15.3,5.2,0.061,274.0,0.1669999999999999,918.0,1.0
3,0.87,13.3,15.3,3.8,0.054,190.0,0.1639999999999999,816.0,1.0
7,0.86,13.7,15.9,3.9,0.047,208.0,0.1669999999999999,714.0,0.0
11,0.98,13.4,13.7,3.6,0.0409999999999999,193.0,0.093,612.0,1.0
5,0.91,14.3,15.6,5.1,0.0409999999999999,199.0,0.105,612.0,1.0
1,0.95,16.0,16.9,4.6,0.024,221.0,0.205,357.0,1.0
13,0.89,14.3,16.2,4.0,0.02,184.0,0.198,306.0,1.0
14,1.2,18.3,15.3,3.5,0.0139999999999999,245.0,0.1639999999999999,204.0,1.0
0,1.28,17.0,13.3,3.8,0.0139999999999999,200.0,0.132,204.0,2.0
4,1.13,18.1,15.9,4.2,0.186,250.0,0.183,6528.0,1.0
9,1.26,18.5,14.7,4.2,0.143,268.0,0.163,5049.0,1.0
10,0.91,13.6,15.0,4.3,0.135,187.0,0.1,4743.0,1.0
6,0.92,13.3,14.6,5.3,0.091,193.0,0.111,3213.0,1.0
8,0.98,15.3,15.6,5.0,0.072,232.0,0.159,2550.0,1.0
12,0.98,14.5,14.8,5.5,0.067,216.0,0.087,2346.0,1.0
5,1.03,13.7,13.2,3.9,0.062,213.0,0.114,2193.0,1.0
7,1.06,16.2,15.3,4.3,0.057,239.0,0.175,1989.0,1.0
3,0.97,13.4,13.8,3.7,0.045,192.0,0.065,1581.0,1.0
11,0.92,14.2,15.5,4.0,0.033,211.0,0.132,1173.0,1.0
13,1.06,15.3,14.5,5.0,0.033,217.0,0.102,1173.0,1.0
2,1.04,16.0,15.3,7.5,0.022,234.0,0.113,765.0,1.0
1,0.89,13.3,15.0,4.7,0.02,188.0,0.118,714.0,1.0
0,0.96,14.3,14.8,5.8,0.017,195.0,0.0409999999999999,612.0,1.0
14,0.87,14.5,16.6,4.2,0.016,207.0,0.138,561.0,1.0
9,1.24,18.4,14.8,3.8,0.182,266.0,0.174,4743.0,1.0
4,1.1,17.5,15.9,3.9,0.154,251.0,0.201,4029.0,1.0
10,0.88,13.2,15.0,4.8,0.131,183.0,0.114,3417.0,1.0
6,0.93,13.6,14.6,5.3,0.096,192.0,0.104,2499.0,1.0
12,0.96,13.0,13.5,5.2,0.074,197.0,0.103,1938.0,1.0
8,1.0,14.8,14.9,4.8,0.066,224.0,0.157,1734.0,1.0
5,1.12,14.8,13.1,3.4,0.057,212.0,0.1,1479.0,1.0
7,1.19,17.8,14.9,4.4,0.055,260.0,0.147,1428.0,1.0
3,0.97,14.1,14.6,4.3,0.051,193.0,0.087,1326.0,1.0
2,1.0,15.2,15.2,6.0,0.039,215.0,0.109,1020.0,1.0
13,0.92,13.4,14.6,4.4,0.027,197.0,0.1169999999999999,714.0,1.0
11,0.86,12.7,14.7,3.5,0.023,182.0,0.132,612.0,1.0
1,0.78,13.1,16.7,6.0,0.02,175.0,0.092,510.0,1.0
14,0.91,13.9,15.2,3.6,0.018,221.0,0.128,459.0,1.0
0,1.03,16.0,15.5,5.0,0.008,207.0,0.109,204.0,0.0
9,1.21,17.2,14.2,3.9,0.179,257.0,0.163,1938.0,1.0
4,1.14,17.3,15.2,3.9,0.151,247.0,0.195,1632.0,1.0
10,1.2,16.1,13.4,4.6,0.104,217.0,0.099,1122.0,1.0
12,0.95,13.7,14.5,5.7,0.09,201.0,0.115,969.0,1.0
6,0.87,12.8,14.8,5.8,0.09,184.0,0.0819999999999999,969.0,1.0
5,1.12,17.3,15.5,4.0,0.071,228.0,0.077,765.0,1.0
8,0.99,15.7,15.8,5.1,0.057,239.0,0.181,612.0,1.0
7,0.94,16.8,17.9,4.6,0.047,241.0,0.196,510.0,1.0
3,0.93,14.1,15.2,3.7,0.047,204.0,0.071,510.0,0.0
2,0.79,12.1,15.4,6.9,0.038,179.0,0.124,408.0,1.0
1,0.79,12.9,16.3,7.6,0.038,188.0,0.214,408.0,1.0
11,1.29,17.6,13.6,4.0,0.038,239.0,0.092,408.0,1.0
13,1.32,18.2,13.8,7.0,0.024,250.0,0.11,255.0,1.0
0,1.05,14.8,14.0,5.3,0.019,208.0,0.085,204.0,1.0
14,0.84,16.0,19.0,3.5,0.009,234.0,0.2189999999999999,102.0,0.0
10,0.83,12.1,14.5,4.2,0.1889999999999999,177.0,0.115,3519.0,1.0
9,1.08,15.2,14.0,3.5,0.1369999999999999,232.0,0.154,2550.0,1.0
4,0.94,13.0,13.9,3.9,0.093,221.0,0.1989999999999999,1734.0,1.0
8,0.99,14.3,14.5,4.1,0.093,213.0,0.142,1734.0,1.0
5,0.92,12.3,13.3,4.2,0.077,190.0,0.122,1428.0,1.0
7,0.89,13.3,15.0,3.4,0.068,200.0,0.145,1275.0,0.0
13,0.92,12.9,14.0,4.4,0.063,195.0,0.145,1173.0,1.0
2,0.84,10.8,12.8,4.9,0.06,175.0,0.118,1122.0,1.0
6,1.1,16.0,14.6,4.2,0.047,208.0,0.092,867.0,1.0
12,0.84,14.0,16.7,6.3,0.044,182.0,0.1119999999999999,816.0,1.0
3,0.99,14.6,14.8,4.6,0.044,187.0,0.0819999999999999,816.0,2.0
11,1.07,14.8,13.9,4.1,0.033,210.0,0.135,612.0,1.0
14,0.85,11.0,13.0,2.0,0.03,166.0,0.091,561.0,1.0
1,0.6,8.0,13.3,5.0,0.011,141.0,0.125,204.0,0.0
0,0.38,6.5,17.0,4.8,0.011,127.0,0.115,204.0,0.0
10,0.88,10.9,12.5,3.6,0.135,176.0,0.12,89709.0,1.0
4,1.11,14.2,12.8,3.5,0.135,231.0,0.1669999999999999,89658.0,1.0
9,1.15,14.7,12.7,3.6,0.131,240.0,0.15,87108.0,1.0
8,1.01,13.1,13.0,4.0,0.09,220.0,0.144,59823.0,1.0
7,1.0,12.7,12.7,3.4,0.076,210.0,0.156,50388.0,1.0
12,0.93,11.5,12.4,4.3,0.075,189.0,0.1119999999999999,50184.0,1.0
6,0.98,12.7,13.0,3.9,0.065,203.0,0.134,43197.0,1.0
5,0.96,11.7,12.2,3.6,0.057,193.0,0.107,37893.0,1.0
14,0.93,12.2,13.2,3.2,0.046,200.0,0.154,30396.0,1.0
3,0.99,11.9,12.0,3.7,0.044,193.0,0.111,29019.0,1.0
13,0.93,11.6,12.5,4.0,0.043,192.0,0.12,28611.0,1.0
11,0.92,12.0,13.0,3.7,0.036,189.0,0.136,23766.0,1.0
2,0.93,11.8,12.7,4.7,0.032,191.0,0.115,21522.0,1.0
1,0.99,13.1,13.2,4.3,0.024,210.0,0.151,16065.0,1.0
0,1.04,12.8,12.4,3.8,0.013,212.0,0.114,8721.0,1.0
10,0.73,10.7,14.6,3.6,0.15,155.0,0.0819999999999999,867.0,1.0
9,0.89,14.2,15.9,4.9,0.124,209.0,0.151,714.0,1.0
6,0.77,10.4,13.5,3.3,0.088,153.0,0.115,510.0,1.0
5,0.64,7.8,12.2,3.1,0.088,139.0,0.064,510.0,1.0
12,0.68,9.8,14.4,4.8,0.088,154.0,0.133,510.0,1.0
8,0.75,11.7,15.6,4.8,0.08,180.0,0.095,459.0,0.0
4,1.49,18.7,12.6,3.7,0.08,267.0,0.125,459.0,1.0
7,1.06,14.3,13.5,3.5,0.071,217.0,0.149,408.0,1.0
11,1.02,13.7,13.4,4.1,0.062,187.0,0.115,357.0,1.0
13,0.81,13.3,16.5,4.2,0.053,198.0,0.125,306.0,1.0
2,0.78,9.8,12.5,3.5,0.035,151.0,0.128,204.0,2.0
3,1.31,15.7,12.0,5.0,0.027,214.0,0.106,153.0,1.0
1,1.0,13.0,13.0,6.7,0.027,200.0,0.128,153.0,1.0
14,0.68,10.5,15.5,3.5,0.018,174.0,0.286,102.0,0.0
0,0.0,0.0,4.0,0.0,0.009,0.0,0.0,51.0,0.0
4,1.06,17.2,16.2,3.6,0.158,233.0,0.176,2295.0,1.0
9,1.08,16.5,15.3,4.2,0.154,238.0,0.176,2244.0,1.0
10,0.88,12.9,14.6,4.9,0.123,171.0,0.111,1785.0,1.0
6,0.97,14.4,14.9,5.9,0.084,197.0,0.153,1224.0,1.0
8,0.96,15.6,16.2,5.1,0.07,228.0,0.173,1020.0,1.0
7,0.91,13.8,15.1,3.6,0.07,208.0,0.193,1020.0,1.0
12,0.97,14.9,15.4,6.0,0.063,202.0,0.115,918.0,1.0
5,1.01,13.3,13.1,3.5,0.049,205.0,0.113,714.0,1.0
3,0.99,14.6,14.8,4.6,0.049,198.0,0.152,714.0,1.0
13,0.83,11.4,13.7,4.5,0.046,174.0,0.108,663.0,1.0
2,0.99,14.5,14.6,6.5,0.039,195.0,0.094,561.0,1.0
11,1.24,16.1,13.0,3.9,0.035,229.0,0.087,510.0,1.0
1,0.98,15.3,15.5,4.9,0.0279999999999999,217.0,0.131,408.0,1.0
0,0.95,15.2,16.0,4.4,0.018,207.0,0.066,255.0,1.0
14,0.82,14.5,17.8,2.8,0.0139999999999999,203.0,0.138,204.0,0.0
4,1.08,16.4,15.2,3.9,0.161,227.0,0.1969999999999999,1122.0,1.0
10,1.0,15.4,15.5,5.3,0.131,207.0,0.0969999999999999,918.0,1.0
9,1.05,17.4,16.5,5.5,0.131,240.0,0.211,918.0,1.0
6,0.74,11.6,15.8,5.6,0.124,165.0,0.141,867.0,0.0
12,0.99,14.6,14.8,7.2,0.102,211.0,0.078,714.0,1.0
3,0.87,13.0,15.0,2.6,0.0579999999999999,177.0,0.106,408.0,1.0
7,1.05,18.2,17.3,4.2,0.044,244.0,0.193,306.0,1.0
5,1.11,15.8,14.2,3.0,0.036,217.0,0.089,255.0,1.0
2,0.8,14.0,17.6,6.8,0.036,208.0,0.086,255.0,0.0
8,0.96,14.8,15.4,5.8,0.036,235.0,0.149,255.0,1.0
14,0.97,15.8,16.3,4.0,0.0289999999999999,226.0,0.175,204.0,2.0
1,0.82,11.8,14.3,9.3,0.0289999999999999,196.0,0.085,204.0,0.0
0,0.77,12.8,16.5,7.3,0.0289999999999999,180.0,0.078,204.0,1.0
11,0.75,13.8,18.3,3.0,0.0289999999999999,163.0,0.109,204.0,2.0
13,0.8,12.3,15.3,4.0,0.022,192.0,0.108,153.0,1.0
10,0.9,12.5,14.0,4.5,0.186,175.0,0.113,2448.0,1.0
9,1.22,16.8,13.7,4.0,0.132,248.0,0.144,1734.0,2.0
8,1.01,15.7,15.6,5.2,0.105,234.0,0.151,1377.0,1.0
4,0.89,14.4,16.1,4.5,0.089,215.0,0.211,1173.0,1.0
6,0.83,12.6,15.3,5.0,0.081,177.0,0.1169999999999999,1071.0,1.0
11,0.68,9.9,14.7,3.3,0.07,170.0,0.1169999999999999,918.0,1.0
5,1.01,14.4,14.2,4.8,0.066,202.0,0.139,867.0,1.0
7,1.11,16.1,14.4,5.1,0.054,243.0,0.151,714.0,1.0
12,0.92,12.8,13.9,5.9,0.05,189.0,0.138,663.0,1.0
2,0.71,12.8,18.1,5.8,0.047,180.0,0.143,612.0,1.0
13,0.89,12.9,14.5,4.9,0.043,181.0,0.049,561.0,1.0
3,0.74,11.5,15.5,3.3,0.031,163.0,0.109,408.0,1.0
14,0.96,11.0,11.5,4.0,0.023,182.0,0.121,306.0,1.0
0,1.05,13.3,12.7,3.7,0.012,192.0,0.1,153.0,1.0
1,0.3,3.3,11.0,2.3,0.012,75.0,0.1,153.0,1.0
10,0.89,12.4,14.0,4.3,0.188,182.0,0.115,7446.0,1.0
9,1.15,17.7,15.4,4.7,0.13,256.0,0.1689999999999999,5151.0,1.0
4,1.05,15.3,14.6,3.7,0.108,224.0,0.158,4284.0,1.0
6,0.91,13.1,14.4,4.9,0.095,196.0,0.115,3774.0,1.0
8,1.02,16.0,15.7,4.7,0.088,241.0,0.151,3468.0,1.0
12,0.93,13.8,14.9,5.5,0.074,196.0,0.1169999999999999,2907.0,1.0
5,0.98,13.4,13.6,3.9,0.067,203.0,0.1119999999999999,2652.0,1.0
7,1.01,15.0,14.8,3.7,0.049,218.0,0.178,1938.0,1.0
13,1.09,14.5,13.3,4.6,0.045,208.0,0.096,1785.0,1.0
2,0.86,12.1,14.0,5.9,0.043,184.0,0.161,1683.0,1.0
11,0.81,12.8,15.7,4.0,0.032,189.0,0.157,1275.0,0.0
14,0.93,14.1,15.2,3.6,0.032,207.0,0.13,1275.0,1.0
3,0.86,12.9,15.1,4.5,0.026,187.0,0.104,1020.0,1.0
1,0.76,11.3,14.8,5.8,0.015,182.0,0.237,612.0,1.0
0,0.75,12.0,16.0,4.6,0.006,157.0,0.1169999999999999,255.0,1.0
9,1.21,19.1,15.8,3.7,0.181,255.0,0.159,1275.0,1.0
4,1.25,18.8,15.0,3.7,0.174,263.0,0.188,1224.0,1.0
6,1.08,15.9,14.6,6.3,0.152,201.0,0.126,1071.0,1.0
10,0.97,13.9,14.3,4.9,0.1159999999999999,196.0,0.081,816.0,1.0
3,0.88,13.3,15.1,3.5,0.08,175.0,0.144,561.0,2.0
12,0.93,11.7,12.6,5.8,0.08,183.0,0.093,561.0,1.0
7,1.04,17.6,17.0,3.5,0.0579999999999999,248.0,0.2339999999999999,408.0,2.0
5,1.03,13.2,12.8,4.8,0.036,198.0,0.106,255.0,1.0
8,1.01,17.8,17.5,2.5,0.0289999999999999,234.0,0.211,204.0,1.0
2,1.21,16.0,13.3,7.8,0.0289999999999999,187.0,0.063,204.0,2.0
13,1.11,17.0,15.3,6.0,0.022,218.0,0.157,153.0,1.0
1,0.98,14.7,15.0,3.0,0.022,192.0,0.182,153.0,1.0
0,0.62,8.0,13.0,2.5,0.0139999999999999,103.0,0.063,102.0,1.0
11,1.4,21.0,15.0,6.0,0.0069999999999999,278.0,0.143,51.0,2.0
4,1.03,16.6,16.1,3.8,0.204,224.0,0.217,1020.0,1.0
12,1.09,14.4,13.2,7.1,0.173,204.0,0.0819999999999999,867.0,1.0
9,1.12,18.5,16.6,4.4,0.133,245.0,0.1369999999999999,663.0,1.0
3,1.23,16.9,13.8,4.5,0.0819999999999999,216.0,0.096,408.0,1.0
8,1.09,15.8,14.5,4.4,0.0819999999999999,251.0,0.143,408.0,1.0
5,0.95,13.3,14.0,4.7,0.071,179.0,0.065,357.0,2.0
6,0.94,13.0,13.9,7.3,0.071,188.0,0.132,357.0,1.0
2,1.26,17.7,14.0,6.3,0.061,234.0,0.066,306.0,1.0
10,1.06,17.6,16.6,3.4,0.051,223.0,0.182,255.0,0.0
0,1.05,15.0,14.3,5.3,0.0409999999999999,203.0,0.0,204.0,1.0
13,0.92,12.0,13.0,4.0,0.01,159.0,0.25,51.0,0.0
11,0.72,13.0,18.0,7.0,0.01,153.0,0.077,51.0,2.0
1,0.94,17.0,18.0,12.0,0.01,223.0,0.176,51.0,2.0
10,0.92,13.2,14.4,4.8,0.147,190.0,0.124,9894.0,1.0
9,1.14,17.5,15.4,4.0,0.142,249.0,0.155,9588.0,1.0
4,1.06,16.5,15.5,3.9,0.136,235.0,0.182,9180.0,1.0
5,1.04,14.2,13.6,4.2,0.087,212.0,0.094,5865.0,1.0
12,0.97,13.7,14.2,5.8,0.084,201.0,0.118,5661.0,1.0
6,1.0,15.1,15.1,5.4,0.0819999999999999,210.0,0.129,5559.0,1.0
8,0.97,15.2,15.7,5.3,0.074,232.0,0.18,4998.0,1.0
2,0.94,13.9,14.8,7.2,0.049,197.0,0.106,3315.0,1.0
7,1.14,16.8,14.8,4.8,0.046,246.0,0.1669999999999999,3111.0,1.0
3,0.92,13.4,14.6,4.1,0.04,194.0,0.128,2703.0,1.0
13,1.04,14.5,14.0,5.3,0.038,205.0,0.124,2550.0,1.0
1,0.94,15.1,16.1,5.4,0.024,210.0,0.147,1632.0,1.0
11,0.93,13.8,14.8,3.9,0.02,194.0,0.129,1377.0,1.0
14,1.01,15.1,15.0,3.7,0.02,210.0,0.155,1326.0,1.0
0,1.08,15.7,14.5,6.4,0.01,197.0,0.142,663.0,1.0
4,1.08,4.6,4.2,1.2,0.156,228.0,0.165,57936.0,1.0
8,1.08,4.5,4.1,1.5,0.145,232.0,0.148,53601.0,1.0
9,1.1,4.4,4.0,1.2,0.128,221.0,0.147,47328.0,1.0
10,0.93,3.6,3.9,1.2,0.086,176.0,0.1159999999999999,32028.0,1.0
7,1.03,4.1,4.0,1.1,0.077,207.0,0.149,28611.0,1.0
12,0.93,3.7,3.9,1.6,0.071,186.0,0.103,26367.0,1.0
14,0.85,3.5,4.1,0.9,0.064,171.0,0.13,23715.0,1.0
5,0.97,3.7,3.8,1.3,0.053,187.0,0.096,19788.0,1.0
6,0.82,3.4,4.1,1.1,0.044,169.0,0.129,16167.0,1.0
13,0.91,3.6,3.9,1.1,0.038,177.0,0.134,14025.0,1.0
11,0.98,4.0,4.1,1.3,0.038,196.0,0.1159999999999999,14025.0,1.0
1,0.87,3.7,4.2,1.4,0.033,182.0,0.141,12393.0,1.0
3,0.9,3.5,3.9,1.2,0.031,171.0,0.068,11526.0,1.0
2,0.83,3.4,4.0,1.8,0.0279999999999999,169.0,0.178,10557.0,1.0
0,0.83,3.4,4.1,0.9,0.0069999999999999,162.0,0.123,2703.0,1.0
10,0.94,13.3,14.2,4.6,0.1689999999999999,187.0,0.11,6426.0,1.0
9,1.13,16.2,14.3,4.3,0.149,246.0,0.166,5661.0,1.0
4,1.02,16.7,16.4,4.4,0.1159999999999999,235.0,0.196,4437.0,1.0
5,0.99,14.1,14.2,4.5,0.094,204.0,0.126,3570.0,1.0
12,1.0,14.3,14.4,6.4,0.084,220.0,0.127,3213.0,1.0
8,1.06,16.2,15.3,5.7,0.078,238.0,0.163,2958.0,1.0
6,0.98,15.5,15.8,5.3,0.076,214.0,0.115,2907.0,1.0
7,1.15,17.4,15.1,4.6,0.0579999999999999,238.0,0.156,2193.0,1.0
2,1.08,15.1,14.0,7.1,0.036,214.0,0.135,1377.0,1.0
13,0.83,12.8,15.5,6.2,0.036,184.0,0.124,1377.0,1.0
11,1.02,14.8,14.4,4.1,0.033,209.0,0.146,1275.0,1.0
3,0.9,14.1,15.7,4.2,0.0279999999999999,194.0,0.095,1071.0,0.0
1,1.07,15.2,14.2,5.1,0.019,219.0,0.122,714.0,1.0
14,1.57,20.7,13.2,4.8,0.013,319.0,0.145,510.0,1.0
0,0.87,13.0,15.0,6.5,0.011,175.0,0.144,408.0,1.0
12,1.06,15.4,14.5,7.8,0.179,212.0,0.09,2346.0,1.0
4,1.12,18.4,16.4,3.3,0.156,247.0,0.2239999999999999,2040.0,1.0
6,1.06,15.1,14.2,7.5,0.128,202.0,0.1119999999999999,1683.0,1.0
9,1.09,17.3,15.8,3.5,0.125,229.0,0.191,1632.0,1.0
10,0.87,11.5,13.2,4.2,0.093,164.0,0.083,1224.0,1.0
5,0.98,14.2,14.5,3.6,0.093,197.0,0.106,1224.0,1.0
3,1.14,14.8,12.9,3.8,0.047,208.0,0.073,612.0,1.0
8,1.11,17.1,15.4,5.2,0.039,226.0,0.1169999999999999,510.0,1.0
7,1.04,17.9,17.1,5.3,0.031,226.0,0.175,408.0,1.0
11,0.8,12.9,16.1,3.6,0.031,183.0,0.1169999999999999,408.0,1.0
0,0.72,10.5,14.5,7.2,0.023,160.0,0.254,306.0,1.0
2,0.87,13.8,15.8,8.3,0.023,173.0,0.084,306.0,1.0
13,0.75,13.3,17.7,7.0,0.012,182.0,0.15,153.0,1.0
1,1.0,13.7,13.7,5.7,0.012,183.0,0.098,153.0,1.0
14,0.74,13.0,17.5,3.5,0.008,184.0,0.192,102.0,0.0
4,0.86,14.2,16.5,3.5,0.375,210.0,0.188,306.0,0.0
10,1.17,14.0,12.0,4.3,0.188,209.0,0.143,153.0,1.0
12,0.84,13.5,16.0,4.5,0.125,225.0,0.222,102.0,1.0
5,0.92,12.0,13.0,1.0,0.125,176.0,0.042,102.0,1.0
9,1.62,21.0,13.0,4.0,0.125,335.0,0.119,102.0,1.0
8,2.3,23.0,10.0,5.0,0.063,350.0,0.217,51.0,2.0
4,1.15,17.1,14.9,3.4,0.145,250.0,0.184,2448.0,1.0
9,1.03,17.2,16.7,4.5,0.139,243.0,0.176,2346.0,1.0
10,1.0,15.0,14.9,4.5,0.13,200.0,0.131,2193.0,1.0
6,1.03,15.3,14.9,6.1,0.0969999999999999,213.0,0.098,1632.0,1.0
5,0.94,14.2,15.2,4.6,0.0969999999999999,203.0,0.086,1632.0,1.0
12,1.0,14.5,14.5,6.8,0.091,211.0,0.08,1530.0,1.0
8,1.1,18.0,16.4,5.7,0.07,258.0,0.181,1173.0,1.0
7,0.83,15.4,18.4,4.8,0.048,209.0,0.207,816.0,1.0
3,0.88,11.4,12.9,3.3,0.045,172.0,0.076,765.0,1.0
2,0.99,13.8,13.9,6.8,0.039,206.0,0.095,663.0,1.0
13,1.07,14.8,13.8,5.9,0.03,194.0,0.095,510.0,1.0
0,1.01,15.8,15.7,6.0,0.018,210.0,0.074,306.0,1.0
11,1.03,14.8,14.3,5.5,0.018,195.0,0.1009999999999999,306.0,1.0
14,0.86,11.8,13.8,2.6,0.015,212.0,0.119,255.0,0.0
1,1.17,16.8,14.4,5.6,0.015,215.0,0.131,255.0,1.0
10,0.73,10.5,14.5,3.4,0.192,146.0,0.103,1224.0,1.0
8,1.09,15.2,13.9,5.0,0.144,244.0,0.1169999999999999,918.0,1.0
9,1.25,18.6,14.8,4.3,0.096,274.0,0.143,612.0,1.0
4,0.85,13.1,15.5,5.1,0.088,185.0,0.153,561.0,1.0
5,0.84,12.9,15.3,4.8,0.08,182.0,0.093,510.0,1.0
13,0.55,8.0,14.6,3.7,0.072,125.0,0.1939999999999999,459.0,1.0
12,0.8,12.2,15.3,5.6,0.072,194.0,0.1639999999999999,459.0,1.0
7,0.95,12.0,12.6,4.4,0.064,197.0,0.135,408.0,1.0
6,0.56,8.6,15.3,3.1,0.0559999999999999,151.0,0.133,357.0,1.0
11,0.51,6.8,13.3,2.0,0.048,98.0,0.073,306.0,1.0
2,0.61,8.5,14.0,3.0,0.032,153.0,0.118,204.0,1.0
3,0.97,14.0,14.5,3.0,0.016,211.0,0.143,102.0,0.0
14,0.82,15.5,19.0,3.0,0.016,184.0,0.129,102.0,1.0
1,0.83,12.5,15.0,5.5,0.016,147.0,0.04,102.0,1.0
0,1.13,17.0,15.0,6.0,0.008,252.0,0.118,51.0,0.0
4,1.11,12.6,11.4,1.1,0.261,182.0,0.481,11730.0,1.0
9,1.15,15.1,13.1,2.3,0.13,223.0,0.307,5814.0,1.0
8,0.97,11.3,11.6,2.1,0.083,180.0,0.363,3723.0,1.0
10,0.83,10.3,12.4,2.6,0.074,154.0,0.259,3315.0,1.0
7,0.81,10.3,12.7,2.2,0.069,157.0,0.385,3111.0,1.0
12,0.97,11.4,11.8,3.5,0.067,167.0,0.257,3009.0,1.0
6,0.84,9.9,11.8,2.8,0.057,163.0,0.254,2550.0,1.0
5,1.01,11.7,11.6,2.7,0.049,189.0,0.1689999999999999,2193.0,1.0
14,0.87,11.5,13.2,1.6,0.047,186.0,0.3329999999999999,2091.0,1.0
11,1.01,10.7,10.6,2.1,0.039,167.0,0.305,1734.0,1.0
3,1.02,11.2,11.0,2.0,0.03,170.0,0.315,1326.0,1.0
1,0.89,10.3,11.5,3.7,0.03,153.0,0.235,1326.0,1.0
13,0.75,8.6,11.3,2.5,0.026,149.0,0.223,1173.0,1.0
0,1.06,12.4,11.6,3.0,0.022,205.0,0.213,969.0,1.0
2,0.99,11.4,11.5,3.6,0.018,171.0,0.361,816.0,1.0
4,1.14,18.5,16.2,4.0,0.183,256.0,0.1889999999999999,3060.0,1.0
10,0.9,12.7,14.1,4.5,0.14,185.0,0.08,2346.0,1.0
9,1.15,18.0,15.7,4.2,0.131,251.0,0.166,2193.0,1.0
6,1.03,15.9,15.5,6.3,0.1009999999999999,216.0,0.1119999999999999,1683.0,1.0
12,0.9,13.8,15.3,6.1,0.073,201.0,0.124,1224.0,1.0
5,0.94,14.1,15.0,4.7,0.07,202.0,0.08,1173.0,1.0
8,1.01,15.5,15.4,5.2,0.07,241.0,0.185,1173.0,1.0
3,1.04,16.3,15.6,4.6,0.052,212.0,0.076,867.0,1.0
2,0.96,15.1,15.6,6.1,0.049,207.0,0.108,816.0,1.0
7,1.05,16.3,15.5,4.2,0.043,245.0,0.171,714.0,1.0
11,0.97,14.8,15.2,4.0,0.027,196.0,0.158,459.0,1.0
13,0.93,14.4,15.6,4.7,0.021,189.0,0.139,357.0,1.0
0,1.06,16.5,15.5,5.7,0.018,211.0,0.111,306.0,1.0
14,0.99,15.8,16.0,4.0,0.018,215.0,0.126,306.0,1.0
1,0.61,11.0,18.0,7.0,0.003,142.0,0.091,51.0,0.0
9,1.12,17.5,15.6,4.1,0.16,253.0,0.181,6120.0,1.0
4,1.14,17.2,15.0,4.0,0.143,249.0,0.183,5457.0,1.0
10,0.92,13.5,14.7,4.8,0.13,189.0,0.127,4947.0,1.0
5,1.07,14.7,13.7,4.1,0.093,214.0,0.088,3570.0,1.0
6,1.02,14.8,14.5,5.7,0.092,214.0,0.135,3519.0,1.0
8,1.11,16.8,15.1,5.0,0.084,247.0,0.16,3213.0,1.0
12,1.01,14.9,14.8,6.0,0.061,217.0,0.111,2346.0,1.0
7,1.1,15.9,14.4,3.5,0.061,235.0,0.139,2346.0,1.0
2,0.87,12.5,14.3,7.0,0.0409999999999999,189.0,0.119,1581.0,1.0
13,1.03,16.4,15.9,7.0,0.037,220.0,0.094,1428.0,1.0
3,0.99,14.8,14.9,4.7,0.0289999999999999,200.0,0.11,1122.0,1.0
14,1.03,15.7,15.3,3.8,0.017,215.0,0.123,663.0,1.0
1,1.12,16.8,15.0,6.5,0.017,230.0,0.114,663.0,1.0
11,1.02,16.1,15.8,3.4,0.016,210.0,0.13,612.0,1.0
0,0.92,12.6,13.7,4.3,0.016,205.0,0.119,612.0,1.0
9,1.28,18.9,14.7,3.9,0.15,264.0,0.1639999999999999,3978.0,1.0
4,1.13,17.6,15.5,4.0,0.143,254.0,0.179,3774.0,1.0
10,0.98,14.5,14.8,4.4,0.119,197.0,0.095,3162.0,1.0
12,1.02,14.2,13.9,6.3,0.106,206.0,0.093,2805.0,1.0
6,0.98,14.9,15.2,5.7,0.1,204.0,0.131,2652.0,1.0
5,0.98,13.2,13.5,3.4,0.073,206.0,0.095,1938.0,1.0
2,0.9,13.7,15.2,7.5,0.06,205.0,0.139,1581.0,1.0
8,1.02,14.8,14.5,5.5,0.054,235.0,0.171,1428.0,1.0
7,0.97,15.7,16.3,5.0,0.044,228.0,0.1969999999999999,1173.0,1.0
13,1.24,16.3,13.2,6.2,0.039,219.0,0.105,1020.0,1.0
3,0.8,12.3,15.3,5.0,0.035,176.0,0.072,918.0,1.0
11,0.95,13.4,14.1,4.1,0.035,198.0,0.12,918.0,1.0
14,0.99,16.9,17.0,3.8,0.019,222.0,0.195,510.0,1.0
1,0.74,11.3,15.3,5.4,0.013,185.0,0.177,357.0,0.0
0,0.8,13.2,16.4,4.6,0.01,183.0,0.106,255.0,1.0
4,1.13,17.4,15.4,3.9,0.177,241.0,0.2,1785.0,1.0
9,1.27,19.3,15.2,3.8,0.126,269.0,0.16,1275.0,1.0
10,0.99,15.2,15.4,5.1,0.1159999999999999,203.0,0.106,1173.0,1.0
12,1.0,13.7,13.7,6.2,0.1009999999999999,201.0,0.088,1020.0,1.0
6,1.01,15.9,15.7,6.2,0.091,206.0,0.077,918.0,1.0
5,1.03,14.4,13.9,4.3,0.086,205.0,0.0819999999999999,867.0,1.0
7,1.05,15.5,14.8,3.9,0.061,232.0,0.188,612.0,1.0
3,0.95,14.2,14.9,4.3,0.0559999999999999,178.0,0.096,561.0,1.0
8,1.19,16.9,14.2,4.3,0.051,257.0,0.201,510.0,1.0
2,0.92,11.7,12.7,6.6,0.045,185.0,0.105,459.0,1.0
0,0.81,12.5,15.5,6.0,0.03,159.0,0.173,306.0,1.0
1,0.9,14.2,15.8,6.2,0.025,217.0,0.141,255.0,1.0
13,0.93,14.0,15.0,6.0,0.015,169.0,0.095,153.0,0.0
11,0.62,9.0,14.5,4.0,0.01,134.0,0.111,102.0,1.0
14,0.97,17.0,17.5,4.5,0.01,218.0,0.147,102.0,0.0
10,0.83,11.6,13.9,4.5,0.178,172.0,0.109,3111.0,1.0
9,1.06,15.7,14.8,4.6,0.131,240.0,0.17,2295.0,1.0
8,0.91,13.4,14.7,5.3,0.111,210.0,0.129,1938.0,1.0
4,0.94,14.3,15.2,4.0,0.099,214.0,0.214,1734.0,1.0
12,0.96,13.0,13.5,5.4,0.0819999999999999,185.0,0.096,1428.0,1.0
5,0.97,13.5,13.9,4.4,0.079,209.0,0.079,1377.0,1.0
6,0.89,13.6,15.3,5.0,0.064,187.0,0.11,1122.0,1.0
13,0.93,13.2,14.2,5.8,0.052,194.0,0.0969999999999999,918.0,1.0
7,1.08,15.7,14.4,3.7,0.052,229.0,0.152,918.0,1.0
11,1.02,14.7,14.4,4.4,0.038,203.0,0.115,663.0,1.0
2,0.97,13.3,13.8,7.6,0.035,194.0,0.119,612.0,2.0
3,0.74,9.6,13.0,3.7,0.0289999999999999,150.0,0.1669999999999999,510.0,1.0
14,0.93,16.1,17.4,4.1,0.023,222.0,0.186,408.0,1.0
1,0.83,12.6,15.1,5.1,0.02,181.0,0.136,357.0,0.0
0,0.69,10.0,14.5,6.5,0.006,176.0,0.05,102.0,1.0
4,1.08,13.7,12.7,3.3,0.133,230.0,0.176,86292.0,1.0
10,0.91,10.8,11.8,3.6,0.131,178.0,0.1159999999999999,85272.0,1.0
9,1.13,14.1,12.5,3.6,0.127,238.0,0.16,82518.0,1.0
8,1.0,12.6,12.6,4.2,0.0969999999999999,223.0,0.147,63393.0,1.0
12,0.98,11.8,12.0,4.8,0.086,200.0,0.105,55692.0,1.0
5,0.97,11.4,11.8,3.8,0.067,195.0,0.102,43554.0,1.0
7,0.98,12.0,12.3,3.4,0.066,206.0,0.154,42942.0,1.0
6,1.0,12.2,12.2,4.0,0.063,205.0,0.13,40953.0,1.0
14,0.94,12.1,12.9,3.0,0.045,200.0,0.151,29019.0,1.0
13,0.9,11.1,12.4,4.1,0.043,185.0,0.113,27948.0,1.0
3,0.99,11.7,11.9,3.7,0.0409999999999999,192.0,0.109,26367.0,1.0
11,0.93,11.1,12.0,3.3,0.034,187.0,0.118,21930.0,1.0
2,0.94,11.8,12.6,5.1,0.032,199.0,0.126,20706.0,1.0
1,0.96,11.9,12.5,4.4,0.025,202.0,0.143,16065.0,1.0
0,1.07,13.2,12.3,3.9,0.012,207.0,0.114,8109.0,1.0
10,0.73,10.8,14.9,4.8,0.25,165.0,0.085,1173.0,1.0
5,1.24,17.5,14.1,4.5,0.12,227.0,0.073,561.0,1.0
8,0.99,14.0,14.1,3.8,0.087,240.0,0.188,408.0,1.0
4,0.81,12.4,15.3,4.3,0.087,191.0,0.182,408.0,1.0
9,1.17,17.1,14.7,5.1,0.076,249.0,0.175,357.0,1.0
12,0.99,14.2,14.3,4.8,0.065,204.0,0.118,306.0,1.0
6,0.82,13.2,16.0,4.7,0.065,184.0,0.203,306.0,2.0
3,0.82,13.6,16.6,4.6,0.054,189.0,0.132,255.0,0.0
7,1.09,12.0,11.0,4.8,0.043,236.0,0.208,204.0,1.0
13,0.88,13.3,15.0,8.3,0.043,198.0,0.132,204.0,1.0
14,0.72,10.8,15.0,3.0,0.043,163.0,0.093,204.0,0.0
2,0.76,11.3,15.0,5.0,0.033,164.0,0.147,153.0,1.0
1,1.56,12.5,8.0,6.5,0.022,226.0,0.16,102.0,2.0
0,0.76,13.0,17.0,7.0,0.011,184.0,0.231,51.0,0.0
9,1.13,16.7,14.8,3.8,0.195,251.0,0.174,3009.0,1.0
4,1.09,17.6,16.1,3.8,0.139,239.0,0.18,2142.0,1.0
6,1.06,16.6,15.6,6.2,0.096,225.0,0.106,1479.0,1.0
12,0.93,12.2,13.1,5.3,0.093,188.0,0.094,1428.0,1.0
10,0.99,13.7,13.8,4.6,0.089,195.0,0.089,1377.0,1.0
5,0.97,15.6,16.1,4.8,0.086,208.0,0.096,1326.0,1.0
2,0.94,14.0,14.9,9.1,0.0559999999999999,205.0,0.113,867.0,1.0
3,0.96,12.7,13.2,2.9,0.05,176.0,0.115,765.0,2.0
8,1.21,18.0,14.9,4.5,0.05,258.0,0.141,765.0,1.0
7,0.96,13.5,14.0,2.7,0.046,217.0,0.201,714.0,1.0
13,1.01,12.4,12.3,4.8,0.03,174.0,0.08,459.0,2.0
11,0.96,15.7,16.4,4.0,0.023,217.0,0.145,357.0,1.0
1,0.94,16.4,17.4,7.4,0.017,208.0,0.061,255.0,0.0
14,0.91,14.8,16.2,5.6,0.017,215.0,0.162,255.0,1.0
0,1.07,15.0,14.0,6.3,0.013,199.0,0.067,204.0,1.0
4,1.18,19.4,16.4,4.3,0.173,260.0,0.211,1173.0,1.0
9,1.09,16.1,14.8,4.0,0.158,231.0,0.156,1071.0,1.0
12,0.98,14.8,15.1,6.3,0.12,202.0,0.068,816.0,1.0
10,1.13,15.9,14.1,4.7,0.113,217.0,0.084,765.0,1.0
6,0.94,14.5,15.5,8.5,0.098,191.0,0.122,663.0,1.0
5,0.93,14.5,15.6,5.4,0.075,204.0,0.083,510.0,1.0
8,0.75,12.4,16.6,5.0,0.068,190.0,0.152,459.0,1.0
3,0.87,12.5,14.3,3.7,0.045,195.0,0.093,306.0,1.0
2,1.0,15.4,15.4,9.2,0.038,209.0,0.195,255.0,1.0
0,1.09,14.5,13.3,4.8,0.03,209.0,0.103,204.0,1.0
13,1.02,15.5,15.3,4.3,0.03,233.0,0.21,204.0,1.0
7,1.31,18.3,14.0,5.0,0.023,250.0,0.145,153.0,1.0
14,1.05,20.0,19.0,4.5,0.015,268.0,0.175,102.0,0.0
11,0.5,9.0,18.0,8.0,0.008,132.0,0.111,51.0,0.0
1,0.87,13.0,15.0,3.0,0.008,180.0,0.077,51.0,0.0
10,0.79,11.3,14.3,4.6,0.187,168.0,0.1009999999999999,2703.0,1.0
9,0.95,15.0,15.8,5.0,0.159,216.0,0.161,2295.0,1.0
4,1.11,15.2,13.7,3.9,0.095,230.0,0.173,1377.0,1.0
5,0.96,13.7,14.2,4.8,0.092,198.0,0.059,1326.0,1.0
6,0.94,13.2,14.0,4.9,0.078,187.0,0.131,1122.0,1.0
8,0.86,13.8,16.0,5.3,0.074,217.0,0.118,1071.0,0.0
12,1.04,15.4,14.8,5.9,0.064,223.0,0.108,918.0,1.0
3,1.19,15.3,12.9,5.5,0.053,209.0,0.1,765.0,1.0
13,0.93,11.2,12.1,4.1,0.049,176.0,0.127,714.0,1.0
7,1.03,15.9,15.5,5.0,0.035,232.0,0.132,510.0,1.0
14,1.1,16.1,14.7,3.2,0.035,244.0,0.161,510.0,1.0
2,0.95,12.7,13.3,7.3,0.032,187.0,0.123,459.0,1.0
11,0.99,15.0,15.1,4.6,0.025,194.0,0.076,357.0,1.0
1,0.58,9.3,16.0,6.0,0.0139999999999999,139.0,0.216,204.0,0.0
0,1.11,20.0,18.0,5.0,0.0069999999999999,225.0,0.025,102.0,1.0
10,0.9,12.9,14.3,5.0,0.165,185.0,0.107,5916.0,1.0
9,1.1,16.8,15.3,4.3,0.136,247.0,0.17,4896.0,1.0
5,0.98,13.2,13.5,4.5,0.109,201.0,0.107,3927.0,1.0
4,1.04,15.2,14.6,3.7,0.0969999999999999,225.0,0.151,3468.0,1.0
6,0.88,13.4,15.3,5.0,0.088,193.0,0.141,3162.0,1.0
8,1.03,15.8,15.3,5.6,0.078,243.0,0.143,2805.0,1.0
12,1.0,14.4,14.4,5.3,0.074,202.0,0.091,2652.0,1.0
7,1.01,14.1,14.0,3.4,0.053,221.0,0.196,1887.0,1.0
2,1.02,15.2,14.9,7.1,0.045,216.0,0.129,1632.0,1.0
11,1.02,14.8,14.5,4.4,0.038,209.0,0.128,1377.0,1.0
13,0.9,13.6,15.0,5.8,0.034,197.0,0.132,1224.0,1.0
3,1.0,13.8,13.8,3.5,0.024,190.0,0.128,867.0,1.0
14,1.0,15.6,15.7,4.3,0.023,222.0,0.18,816.0,1.0
1,0.85,11.3,13.3,4.3,0.021,172.0,0.135,765.0,1.0
0,0.99,14.9,15.1,4.9,0.0139999999999999,211.0,0.087,510.0,1.0
4,1.33,20.6,15.4,4.1,0.247,277.0,0.188,1173.0,2.0
9,1.17,18.1,15.6,4.4,0.151,254.0,0.154,714.0,1.0
6,1.04,16.0,15.5,5.9,0.118,213.0,0.119,561.0,1.0
10,0.86,13.8,16.0,4.2,0.0969999999999999,180.0,0.1689999999999999,459.0,1.0
12,1.1,13.0,11.8,5.8,0.065,210.0,0.051,306.0,1.0
8,0.85,15.5,18.3,5.5,0.065,206.0,0.172,306.0,1.0
3,1.01,14.8,14.6,3.0,0.054,198.0,0.095,255.0,1.0
5,1.06,17.6,16.6,2.8,0.054,209.0,0.068,255.0,2.0
11,1.09,15.0,13.8,2.8,0.043,213.0,0.1169999999999999,204.0,1.0
0,1.03,17.0,16.5,4.5,0.022,211.0,0.147,102.0,1.0
13,1.5,21.0,14.0,6.0,0.022,268.0,0.071,102.0,2.0
14,0.94,16.0,17.0,2.5,0.022,210.0,0.0,102.0,1.0
7,0.94,16.0,17.0,5.0,0.022,190.0,0.094,102.0,0.0
1,0.77,10.0,13.0,1.0,0.011,146.0,0.1,51.0,0.0
2,0.84,16.0,19.0,10.0,0.011,197.0,0.125,51.0,2.0
9,1.26,19.1,15.1,3.7,0.226,257.0,0.154,714.0,1.0
13,1.01,15.2,15.1,5.6,0.21,213.0,0.147,663.0,1.0
4,1.28,20.1,15.7,2.8,0.1939999999999999,266.0,0.183,612.0,1.0
12,1.08,16.5,15.3,5.7,0.0969999999999999,213.0,0.141,306.0,1.0
11,1.19,15.5,13.0,4.7,0.0969999999999999,230.0,0.118,306.0,1.0
3,1.1,17.3,15.8,2.3,0.065,217.0,0.087,204.0,0.0
10,0.93,14.0,15.0,2.3,0.048,199.0,0.048,153.0,0.0
1,0.96,13.0,13.5,10.5,0.032,202.0,0.038,102.0,2.0
8,1.78,16.0,9.0,6.0,0.016,259.0,0.25,51.0,2.0
5,0.67,12.0,18.0,4.0,0.016,155.0,0.1669999999999999,51.0,2.0
9,1.16,17.0,14.7,4.1,0.17,250.0,0.157,8976.0,1.0
4,1.19,17.7,14.8,3.7,0.144,250.0,0.165,7599.0,1.0
10,0.9,13.4,14.8,4.3,0.133,189.0,0.124,7038.0,1.0
13,1.04,14.3,13.7,4.7,0.096,203.0,0.128,5100.0,1.0
12,0.94,13.8,14.7,5.0,0.089,203.0,0.123,4692.0,1.0
6,0.93,14.1,15.1,4.4,0.064,201.0,0.119,3366.0,1.0
8,1.01,15.3,15.1,3.9,0.06,220.0,0.14,3162.0,1.0
5,1.0,13.8,13.9,3.9,0.047,199.0,0.109,2499.0,1.0
11,0.97,14.3,14.8,3.7,0.0409999999999999,200.0,0.133,2193.0,1.0
14,1.11,16.8,15.2,3.3,0.032,231.0,0.139,1683.0,1.0
7,1.11,15.3,13.8,3.7,0.031,231.0,0.1689999999999999,1632.0,1.0
2,0.93,14.7,15.8,5.0,0.03,202.0,0.092,1581.0,1.0
1,0.97,13.9,14.3,4.2,0.0289999999999999,208.0,0.144,1530.0,1.0
3,0.79,12.1,15.3,3.9,0.025,168.0,0.08,1326.0,1.0
0,0.97,14.6,15.1,5.1,0.01,213.0,0.123,510.0,1.0
4,1.11,4.7,4.2,1.2,0.158,229.0,0.162,356694.0,1.0
8,1.03,4.3,4.2,1.4,0.14,220.0,0.149,316965.0,1.0
9,1.12,4.6,4.1,1.2,0.13,224.0,0.147,293046.0,1.0
10,0.89,3.6,4.0,1.1,0.09,172.0,0.121,204102.0,1.0
7,0.99,4.0,4.1,1.1,0.076,200.0,0.149,171156.0,1.0
14,0.9,3.8,4.2,0.9,0.068,181.0,0.131,154632.0,1.0
12,0.92,3.7,4.0,1.5,0.064,184.0,0.106,144075.0,1.0
5,0.92,3.6,3.9,1.2,0.05,184.0,0.107,112506.0,1.0
6,0.9,3.7,4.1,1.1,0.043,183.0,0.128,96390.0,1.0
11,0.94,3.9,4.1,1.2,0.042,187.0,0.115,94095.0,1.0
13,0.86,3.5,4.1,1.3,0.042,174.0,0.124,93942.0,1.0
1,0.92,3.9,4.2,1.4,0.033,190.0,0.148,74307.0,1.0
3,0.93,3.8,4.0,1.1,0.03,179.0,0.091,67728.0,1.0
2,0.83,3.4,4.1,1.6,0.026,172.0,0.156,59670.0,1.0
0,0.9,3.7,4.1,1.1,0.009,178.0,0.106,19992.0,1.0
10,1.03,14.3,13.9,4.1,0.163,205.0,0.1119999999999999,3927.0,1.0
4,1.1,16.9,15.3,3.8,0.121,244.0,0.184,2907.0,1.0
9,1.24,16.8,13.6,4.1,0.099,245.0,0.171,2397.0,1.0
13,0.98,14.8,15.1,4.8,0.093,208.0,0.114,2244.0,1.0
8,0.96,14.3,14.9,4.5,0.076,221.0,0.144,1836.0,1.0
6,0.95,14.1,14.8,4.4,0.076,201.0,0.12,1836.0,1.0
12,0.97,14.2,14.7,5.5,0.076,199.0,0.125,1836.0,1.0
11,0.84,12.6,14.9,3.1,0.061,180.0,0.134,1479.0,1.0
5,1.01,14.3,14.2,3.3,0.053,204.0,0.106,1275.0,1.0
2,0.74,11.3,15.3,6.1,0.047,174.0,0.092,1122.0,1.0
7,0.99,13.7,13.8,3.2,0.038,213.0,0.211,918.0,1.0
14,1.1,15.0,13.7,3.3,0.032,231.0,0.156,765.0,1.0
3,1.07,14.5,13.5,3.8,0.025,204.0,0.103,612.0,1.0
1,0.75,12.1,16.2,3.9,0.021,164.0,0.149,510.0,1.0
0,1.0,12.6,12.6,3.8,0.019,197.0,0.124,459.0,1.0
13,0.97,14.4,14.9,6.1,0.213,199.0,0.106,1734.0,1.0
4,0.94,15.9,16.8,3.5,0.206,222.0,0.192,1683.0,1.0
9,1.15,17.3,15.1,3.4,0.15,246.0,0.188,1224.0,1.0
10,1.1,16.7,15.2,4.6,0.106,219.0,0.088,867.0,1.0
12,0.92,13.0,14.1,6.3,0.094,192.0,0.067,765.0,1.0
11,0.99,15.9,16.0,3.7,0.0559999999999999,206.0,0.119,459.0,1.0
8,0.95,14.8,15.7,4.5,0.038,220.0,0.2019999999999999,306.0,1.0
3,1.1,15.8,14.4,3.0,0.031,212.0,0.1009999999999999,255.0,1.0
14,0.94,15.6,16.6,4.0,0.031,224.0,0.141,255.0,1.0
0,0.95,12.7,13.3,4.0,0.019,182.0,0.026,153.0,1.0
6,0.82,12.0,14.7,4.0,0.019,185.0,0.111,153.0,1.0
1,0.71,13.7,19.3,4.0,0.019,176.0,0.171,153.0,0.0
5,0.67,10.0,15.0,3.5,0.013,127.0,0.0,102.0,0.0
2,0.82,14.0,17.0,0.0,0.006,244.0,0.143,51.0,0.0
10,0.7,7.7,11.0,6.3,0.3329999999999999,135.0,0.043,153.0,2.0
4,0.96,13.5,14.0,5.0,0.222,196.0,0.259,102.0,2.0
9,1.0,15.0,15.0,4.0,0.111,257.0,0.067,51.0,0.0
3,1.67,15.0,9.0,3.0,0.111,220.0,0.133,51.0,2.0
11,1.0,16.0,16.0,2.0,0.111,173.0,0.125,51.0,2.0
13,0.94,15.0,16.0,6.0,0.111,175.0,0.133,51.0,0.0
9,1.16,18.0,15.5,3.6,0.183,250.0,0.154,1989.0,1.0
4,1.13,17.9,15.8,3.6,0.178,244.0,0.178,1938.0,1.0
13,1.12,16.2,14.5,5.4,0.122,216.0,0.111,1326.0,1.0
10,1.17,13.7,11.7,3.8,0.108,206.0,0.12,1173.0,1.0
11,1.07,16.3,15.2,3.9,0.075,218.0,0.119,816.0,1.0
12,0.87,12.4,14.2,5.3,0.066,180.0,0.126,714.0,1.0
6,0.86,14.4,16.8,5.5,0.061,193.0,0.128,663.0,1.0
8,1.15,17.0,14.7,3.9,0.052,243.0,0.107,561.0,1.0
14,0.86,15.0,17.4,3.3,0.033,194.0,0.162,357.0,0.0
7,1.21,16.7,13.9,3.7,0.033,259.0,0.171,357.0,1.0
3,0.7,9.5,13.7,3.8,0.0279999999999999,155.0,0.158,306.0,1.0
5,0.96,11.2,11.7,3.2,0.0279999999999999,188.0,0.104,306.0,1.0
1,0.93,16.6,17.8,4.6,0.023,212.0,0.157,255.0,1.0
2,1.25,20.0,16.0,8.0,0.005,257.0,0.2,51.0,2.0
0,0.31,5.0,16.0,2.0,0.005,101.0,0.0,51.0,0.0
10,0.65,10.7,16.3,4.7,0.178,157.0,0.155,1326.0,1.0
4,1.3,16.8,12.8,3.7,0.1369999999999999,248.0,0.149,1020.0,1.0
8,0.67,10.3,15.4,4.4,0.1159999999999999,166.0,0.109,867.0,1.0
9,0.78,12.4,15.9,3.8,0.089,187.0,0.13,663.0,1.0
5,0.82,10.6,12.9,3.7,0.068,176.0,0.038,510.0,1.0
13,0.97,12.4,12.8,4.0,0.068,177.0,0.065,510.0,1.0
11,0.67,8.8,13.1,2.6,0.062,144.0,0.19,459.0,1.0
12,0.83,13.9,16.6,7.0,0.055,190.0,0.108,408.0,2.0
14,1.19,14.3,12.0,3.5,0.055,248.0,0.2019999999999999,408.0,1.0
7,0.83,10.1,12.3,4.3,0.055,164.0,0.111,408.0,2.0
2,0.88,13.0,14.9,5.4,0.048,198.0,0.099,357.0,1.0
6,1.15,15.6,13.6,4.4,0.034,227.0,0.141,255.0,1.0
0,1.14,16.0,14.0,5.0,0.0139999999999999,226.0,0.094,102.0,1.0
3,1.0,19.0,19.0,4.5,0.0139999999999999,217.0,0.132,102.0,0.0
1,0.6,9.0,15.0,7.0,0.0069999999999999,121.0,0.111,51.0,2.0
4,1.26,13.1,10.4,1.6,0.2239999999999999,215.0,0.409,2346.0,1.0
10,0.76,8.4,11.0,1.5,0.1169999999999999,151.0,0.2789999999999999,1224.0,1.0
9,0.88,10.6,12.1,1.7,0.1119999999999999,177.0,0.291,1173.0,1.0
7,0.99,10.6,10.6,1.5,0.083,167.0,0.411,867.0,0.0
14,0.92,9.6,10.4,1.7,0.078,161.0,0.377,816.0,1.0
13,0.9,9.2,10.2,1.2,0.063,202.0,0.158,663.0,1.0
8,1.15,10.3,9.0,1.9,0.063,195.0,0.3879999999999999,663.0,1.0
11,0.95,11.8,12.5,1.3,0.059,153.0,0.437,612.0,1.0
12,1.41,14.4,10.2,3.0,0.054,213.0,0.373,561.0,2.0
6,0.69,8.7,12.6,3.1,0.034,126.0,0.4429999999999999,357.0,2.0
2,1.05,12.8,12.2,1.8,0.0289999999999999,232.0,0.13,306.0,1.0
3,0.84,8.2,9.7,1.7,0.0289999999999999,212.0,0.102,306.0,1.0
5,0.4,4.2,10.5,0.5,0.0289999999999999,93.0,0.56,306.0,1.0
0,1.32,9.7,7.3,2.7,0.015,347.0,0.034,153.0,1.0
1,1.38,9.0,6.5,3.0,0.01,245.0,0.0559999999999999,102.0,2.0
9,1.22,17.8,14.6,4.5,0.19,259.0,0.175,2142.0,1.0
4,1.21,18.2,15.1,3.5,0.149,262.0,0.1889999999999999,1683.0,1.0
10,1.05,14.2,13.6,4.1,0.122,213.0,0.131,1377.0,1.0
13,0.96,14.1,14.6,4.7,0.104,200.0,0.114,1173.0,1.0
12,0.95,14.2,14.9,5.0,0.077,192.0,0.075,867.0,0.0
6,0.76,11.3,14.8,3.9,0.072,170.0,0.133,816.0,1.0
14,1.12,16.7,14.9,3.2,0.059,224.0,0.106,663.0,0.0
8,0.88,12.9,14.7,4.0,0.045,207.0,0.132,510.0,1.0
7,0.85,14.1,16.7,4.6,0.0409999999999999,198.0,0.1969999999999999,459.0,1.0
11,0.72,11.0,15.3,3.4,0.0409999999999999,166.0,0.131,459.0,1.0
2,0.79,12.3,15.7,4.0,0.027,165.0,0.149,306.0,1.0
5,0.88,11.8,13.5,4.3,0.027,186.0,0.183,306.0,1.0
3,0.82,14.2,17.4,4.6,0.023,187.0,0.113,255.0,0.0
0,0.84,12.7,15.0,5.7,0.0139999999999999,171.0,0.105,153.0,1.0
1,1.11,15.0,13.5,4.5,0.009,206.0,0.133,102.0,1.0
4,1.2,17.7,14.7,3.7,0.18,252.0,0.1689999999999999,5406.0,1.0
9,1.14,17.1,15.0,4.1,0.168,252.0,0.168,5049.0,1.0
10,0.99,13.7,13.9,4.5,0.131,198.0,0.132,3927.0,1.0
13,0.98,14.1,14.4,5.0,0.088,202.0,0.1169999999999999,2652.0,1.0
6,0.84,12.4,14.7,4.3,0.077,189.0,0.108,2295.0,1.0
12,0.86,13.0,15.1,5.6,0.071,184.0,0.104,2142.0,1.0
8,1.07,14.8,13.9,4.0,0.061,231.0,0.133,1836.0,1.0
14,1.01,15.8,15.7,3.5,0.046,213.0,0.143,1377.0,1.0
7,1.1,15.8,14.4,3.0,0.037,233.0,0.149,1122.0,1.0
5,0.84,12.0,14.2,3.5,0.037,195.0,0.144,1122.0,1.0
11,1.1,13.1,11.9,4.2,0.031,209.0,0.14,918.0,1.0
3,1.05,14.8,14.1,4.1,0.027,209.0,0.068,816.0,1.0
2,1.33,16.5,12.4,5.8,0.027,235.0,0.102,816.0,2.0
0,1.14,17.5,15.4,4.5,0.0139999999999999,222.0,0.079,408.0,1.0
1,1.5,24.0,16.0,7.0,0.003,281.0,0.146,102.0,1.0
4,1.2,17.1,14.3,3.7,0.218,249.0,0.179,4437.0,1.0
9,1.23,18.1,14.7,4.5,0.198,262.0,0.156,4029.0,1.0
10,1.0,13.8,13.8,4.5,0.115,196.0,0.124,2346.0,1.0
13,0.98,14.8,15.1,5.1,0.093,205.0,0.1369999999999999,1887.0,1.0
6,0.97,13.7,14.0,4.6,0.073,197.0,0.121,1479.0,1.0
12,1.01,12.8,12.7,5.1,0.068,200.0,0.092,1377.0,1.0
11,0.91,14.7,16.1,4.8,0.048,201.0,0.14,969.0,1.0
5,0.81,12.8,15.9,4.2,0.043,192.0,0.138,867.0,1.0
8,1.08,16.4,15.1,4.3,0.04,227.0,0.122,816.0,1.0
3,0.96,14.5,15.1,3.9,0.0279999999999999,208.0,0.119,561.0,1.0
1,0.91,12.7,13.9,4.4,0.023,199.0,0.184,459.0,1.0
7,0.93,15.1,16.3,3.1,0.02,213.0,0.124,408.0,1.0
2,1.05,14.7,14.0,3.9,0.018,199.0,0.1169999999999999,357.0,1.0
14,0.86,13.3,15.5,3.3,0.015,190.0,0.15,306.0,1.0
0,0.93,13.0,14.0,6.0,0.003,179.0,0.0,51.0,2.0
4,1.06,15.8,14.9,3.3,0.1989999999999999,226.0,0.168,1632.0,1.0
13,0.94,13.4,14.3,4.6,0.174,199.0,0.1169999999999999,1428.0,1.0
9,1.26,18.9,15.0,4.2,0.149,262.0,0.161,1224.0,1.0
10,1.1,17.1,15.5,4.0,0.124,217.0,0.114,1020.0,1.0
12,0.8,11.5,14.5,6.6,0.068,174.0,0.063,561.0,1.0
11,1.04,15.9,15.3,4.4,0.0559999999999999,205.0,0.147,459.0,1.0
6,0.9,14.9,16.5,5.4,0.05,197.0,0.16,408.0,1.0
7,0.96,16.7,17.3,5.7,0.037,239.0,0.11,306.0,1.0
8,1.14,16.0,14.0,3.8,0.031,223.0,0.088,255.0,1.0
3,0.84,15.2,18.0,5.2,0.031,179.0,0.118,255.0,0.0
14,1.04,15.6,15.0,3.2,0.031,219.0,0.154,255.0,1.0
5,0.82,11.2,13.6,4.4,0.031,137.0,0.071,255.0,1.0
1,0.46,5.5,12.0,3.0,0.012,81.0,0.273,102.0,1.0
0,1.0,18.0,18.0,4.0,0.006,216.0,0.1669999999999999,51.0,2.0
10,0.8,10.4,13.0,3.8,0.183,169.0,0.119,3417.0,1.0
9,1.17,16.0,13.7,4.0,0.1169999999999999,245.0,0.139,2193.0,1.0
13,0.78,11.8,15.2,4.8,0.109,181.0,0.163,2040.0,1.0
4,1.12,17.0,15.1,3.7,0.093,242.0,0.173,1734.0,1.0
12,0.91,13.1,14.5,5.7,0.09,197.0,0.118,1683.0,1.0
5,1.05,14.0,13.3,4.7,0.074,210.0,0.111,1377.0,1.0
8,1.01,13.7,13.5,4.3,0.065,226.0,0.125,1224.0,1.0
6,1.11,13.9,12.5,2.8,0.06,210.0,0.121,1122.0,1.0
11,0.72,10.7,14.8,3.9,0.052,156.0,0.128,969.0,1.0
7,0.96,15.5,16.1,4.6,0.052,216.0,0.17,969.0,1.0
3,0.82,12.5,15.3,4.1,0.0409999999999999,166.0,0.1169999999999999,765.0,1.0
2,0.82,11.5,14.0,7.1,0.03,174.0,0.159,561.0,1.0
14,0.91,14.3,15.7,4.6,0.019,201.0,0.14,357.0,2.0
1,0.9,12.4,13.8,4.8,0.0139999999999999,202.0,0.161,255.0,1.0
0,1.11,10.0,9.0,6.0,0.003,184.0,0.0,51.0,2.0
4,1.11,13.9,12.6,3.4,0.136,232.0,0.168,535500.0,1.0
10,0.9,10.9,12.1,3.6,0.134,179.0,0.119,528462.0,1.0
9,1.15,14.3,12.5,3.5,0.131,238.0,0.155,517293.0,1.0
8,1.0,12.8,12.7,4.1,0.0969999999999999,220.0,0.146,381990.0,1.0
12,0.94,11.4,12.2,4.4,0.076,192.0,0.11,297534.0,1.0
7,0.98,12.2,12.5,3.3,0.067,205.0,0.154,264639.0,1.0
6,0.98,12.2,12.5,3.8,0.061,200.0,0.13,241077.0,1.0
5,0.96,11.4,11.9,3.6,0.0579999999999999,194.0,0.106,227154.0,1.0
13,0.93,11.5,12.3,4.0,0.05,190.0,0.118,198645.0,1.0
14,0.95,12.2,12.8,3.0,0.048,201.0,0.147,189720.0,1.0
3,0.97,11.7,12.1,3.7,0.038,190.0,0.11,151062.0,1.0
11,0.93,11.5,12.4,3.4,0.038,190.0,0.128,149838.0,1.0
2,0.92,11.6,12.6,4.7,0.031,192.0,0.125,121329.0,1.0
1,0.95,12.2,12.8,4.2,0.023,201.0,0.145,90780.0,1.0
0,1.02,12.7,12.5,3.7,0.011,205.0,0.1119999999999999,44727.0,1.0
9,1.07,15.8,14.8,3.1,0.158,219.0,0.179,612.0,1.0
10,0.91,11.6,12.7,4.8,0.132,159.0,0.1119999999999999,510.0,2.0
12,0.83,11.8,14.2,4.1,0.132,176.0,0.068,510.0,1.0
4,1.12,18.9,16.9,3.3,0.105,250.0,0.166,408.0,1.0
8,0.82,10.7,13.0,4.7,0.092,177.0,0.147,357.0,2.0
5,0.51,7.6,15.0,3.4,0.066,131.0,0.053,255.0,0.0
14,0.87,11.3,13.0,1.3,0.053,150.0,0.178,204.0,1.0
6,1.17,13.8,11.8,2.5,0.053,211.0,0.109,204.0,2.0
13,1.02,15.8,15.5,5.5,0.053,208.0,0.048,204.0,2.0
1,0.89,13.0,14.7,3.3,0.039,184.0,0.077,153.0,1.0
0,0.7,11.0,15.7,3.7,0.039,145.0,0.091,153.0,1.0
11,0.91,15.0,16.5,4.5,0.026,232.0,0.133,102.0,1.0
2,0.75,10.5,14.0,9.5,0.026,155.0,0.0,102.0,1.0
3,0.5,3.0,6.0,4.0,0.013,202.0,0.0,51.0,0.0
7,0.91,10.0,11.0,10.0,0.013,183.0,0.2,51.0,2.0
9,1.1,16.9,15.4,3.8,0.239,241.0,0.15,2601.0,1.0
4,1.17,17.3,14.8,3.0,0.188,247.0,0.18,2040.0,1.0
10,1.02,14.1,13.8,4.4,0.131,196.0,0.099,1428.0,1.0
13,1.15,14.9,12.9,4.8,0.085,213.0,0.126,918.0,2.0
12,0.91,14.6,16.1,6.6,0.08,196.0,0.1,867.0,1.0
11,0.69,11.4,16.5,3.7,0.0559999999999999,179.0,0.161,612.0,0.0
8,0.88,13.5,15.4,4.5,0.052,204.0,0.1889999999999999,561.0,1.0
6,0.96,14.2,14.8,5.0,0.042,210.0,0.125,459.0,1.0
7,1.12,17.3,15.4,3.9,0.033,240.0,0.182,357.0,2.0
5,0.95,12.9,13.6,3.3,0.033,218.0,0.089,357.0,0.0
1,0.83,12.5,15.0,4.8,0.019,200.0,0.2,204.0,2.0
14,0.95,12.3,13.0,3.0,0.0139999999999999,220.0,0.216,153.0,1.0
2,1.14,8.0,7.0,4.0,0.009,218.0,0.188,102.0,1.0
0,1.16,18.0,15.5,5.0,0.009,236.0,0.139,102.0,1.0
3,0.85,11.5,13.5,3.5,0.009,159.0,0.087,102.0,2.0
4,1.01,15.8,15.7,3.7,0.2,223.0,0.2019999999999999,1122.0,1.0
13,0.92,11.9,12.9,5.4,0.155,183.0,0.119,867.0,2.0
9,1.34,18.5,13.8,4.9,0.136,272.0,0.144,765.0,1.0
10,1.07,13.2,12.4,3.6,0.127,199.0,0.076,714.0,2.0
11,1.01,13.4,13.3,3.4,0.091,191.0,0.1119999999999999,510.0,0.0
12,0.7,10.8,15.3,5.4,0.073,156.0,0.1159999999999999,408.0,1.0
6,1.04,13.8,13.3,3.6,0.073,203.0,0.182,408.0,2.0
3,0.78,9.8,12.5,2.5,0.036,177.0,0.103,204.0,0.0
5,0.77,11.5,15.0,4.0,0.036,187.0,0.065,204.0,0.0
14,0.86,14.0,16.3,2.8,0.036,244.0,0.25,204.0,0.0
8,0.81,8.3,10.3,2.0,0.027,133.0,0.16,153.0,1.0
0,0.47,8.0,17.0,4.0,0.009,126.0,0.125,51.0,0.0
10,0.9,12.8,14.2,4.3,0.176,187.0,0.1169999999999999,2040.0,1.0
9,0.98,14.3,14.6,4.1,0.159,224.0,0.177,1836.0,1.0
4,1.09,13.8,12.7,4.5,0.115,223.0,0.156,1326.0,1.0
8,1.11,16.3,14.6,4.8,0.1009999999999999,246.0,0.152,1173.0,1.0
12,0.79,12.0,15.1,5.3,0.0969999999999999,181.0,0.148,1122.0,1.0
6,0.91,12.1,13.3,3.3,0.084,192.0,0.1,969.0,1.0
5,0.95,13.0,13.7,3.8,0.079,193.0,0.141,918.0,1.0
13,0.86,13.3,15.6,4.9,0.04,188.0,0.075,459.0,1.0
11,0.82,11.4,14.0,3.8,0.04,182.0,0.1169999999999999,459.0,1.0
14,1.07,15.9,14.9,5.0,0.035,219.0,0.142,408.0,1.0
2,0.78,11.0,14.2,2.5,0.026,164.0,0.121,306.0,1.0
1,0.66,10.3,15.5,5.3,0.018,157.0,0.146,204.0,0.0
7,0.97,16.8,17.3,4.5,0.018,237.0,0.1639999999999999,204.0,0.0
3,0.76,11.3,15.0,3.0,0.013,161.0,0.088,153.0,1.0
9,1.08,15.1,14.0,3.9,0.162,232.0,0.156,4641.0,1.0
10,0.98,13.4,13.6,4.1,0.16,195.0,0.13,4590.0,1.0
13,1.08,14.7,13.5,4.7,0.11,215.0,0.1159999999999999,3162.0,1.0
4,1.21,16.1,13.2,3.3,0.103,238.0,0.172,2958.0,1.0
8,0.92,13.6,14.8,4.7,0.0819999999999999,216.0,0.15,2346.0,1.0
12,0.87,12.6,14.4,5.5,0.078,187.0,0.095,2244.0,1.0
6,1.01,14.4,14.3,4.4,0.077,211.0,0.113,2193.0,1.0
5,1.01,13.2,13.0,4.3,0.052,207.0,0.102,1479.0,1.0
7,1.09,14.6,13.4,4.0,0.046,224.0,0.1639999999999999,1326.0,1.0
11,0.89,13.1,14.7,3.9,0.036,192.0,0.142,1020.0,1.0
2,0.87,12.9,14.8,4.7,0.027,196.0,0.114,765.0,1.0
14,0.99,14.2,14.4,2.9,0.027,219.0,0.188,765.0,1.0
3,0.78,11.2,14.3,3.3,0.021,170.0,0.104,612.0,0.0
1,0.97,12.9,13.3,5.0,0.012,210.0,0.111,357.0,1.0
0,0.9,13.8,15.3,5.0,0.0069999999999999,195.0,0.091,204.0,1.0
4,0.96,14.9,15.6,2.3,0.2739999999999999,228.0,0.174,1020.0,0.0
13,0.83,11.7,14.1,6.2,0.123,164.0,0.067,459.0,1.0
10,0.78,12.4,16.0,3.4,0.123,188.0,0.179,459.0,0.0
9,0.78,13.3,17.0,4.9,0.123,187.0,0.183,459.0,1.0
11,0.85,13.4,15.9,2.1,0.096,192.0,0.128,357.0,0.0
12,1.46,16.5,11.3,6.3,0.0819999999999999,236.0,0.081,306.0,1.0
7,1.18,13.0,11.0,2.0,0.0409999999999999,219.0,0.231,153.0,1.0
5,1.13,17.3,15.3,2.7,0.0409999999999999,243.0,0.096,153.0,1.0
8,1.2,15.0,12.5,7.0,0.027,250.0,0.067,102.0,1.0
6,0.74,11.5,15.5,3.5,0.027,200.0,0.13,102.0,0.0
1,0.72,13.0,18.0,3.0,0.0139999999999999,141.0,0.077,51.0,0.0
0,1.64,18.0,11.0,4.0,0.0139999999999999,237.0,0.0559999999999999,51.0,2.0
3,0.7,14.0,20.0,3.0,0.0139999999999999,168.0,0.071,51.0,0.0
4,0.86,15.5,17.9,3.5,0.1669999999999999,204.0,0.249,714.0,1.0
3,1.13,17.4,15.4,4.4,0.107,215.0,0.083,459.0,1.0
8,1.06,15.8,14.9,5.4,0.095,250.0,0.1669999999999999,408.0,1.0
6,0.83,12.9,15.5,5.9,0.095,192.0,0.155,408.0,1.0
11,0.94,15.1,16.1,4.4,0.083,181.0,0.123,357.0,1.0
9,1.15,17.6,15.3,3.3,0.083,245.0,0.179,357.0,1.0
10,0.9,12.5,13.8,3.8,0.071,175.0,0.12,306.0,1.0
13,0.83,14.3,17.3,9.5,0.048,179.0,0.123,204.0,2.0
2,0.88,14.0,16.0,11.0,0.048,176.0,0.107,204.0,1.0
12,1.03,16.3,15.8,6.5,0.048,217.0,0.108,204.0,0.0
5,0.98,13.8,14.0,5.5,0.048,190.0,0.091,204.0,2.0
0,0.72,11.3,15.7,5.0,0.036,157.0,0.059,153.0,0.0
14,0.8,13.7,17.0,4.0,0.036,195.0,0.22,153.0,1.0
7,1.0,16.0,16.0,3.5,0.024,213.0,0.156,102.0,0.0
1,0.78,14.0,18.0,8.0,0.012,195.0,0.286,51.0,0.0
9,1.15,17.8,15.4,4.0,0.163,254.0,0.156,10098.0,1.0
10,0.93,13.6,14.7,4.2,0.129,192.0,0.1159999999999999,8007.0,1.0
4,1.08,16.5,15.3,3.6,0.12,237.0,0.1669999999999999,7446.0,1.0
6,0.9,14.0,15.6,5.4,0.086,196.0,0.127,5355.0,1.0
8,1.04,16.5,15.9,4.9,0.086,246.0,0.153,5355.0,1.0
5,1.06,14.3,13.4,4.4,0.076,208.0,0.099,4743.0,1.0
12,1.0,15.0,15.0,6.3,0.062,206.0,0.109,3825.0,1.0
3,0.94,13.7,14.5,4.3,0.053,188.0,0.098,3264.0,1.0
7,1.11,17.8,16.0,4.5,0.048,252.0,0.1989999999999999,2958.0,1.0
13,1.01,15.0,14.8,5.8,0.048,204.0,0.105,2958.0,1.0
2,0.93,13.9,15.1,6.4,0.046,199.0,0.133,2856.0,1.0
11,0.98,15.8,16.2,4.3,0.035,204.0,0.128,2193.0,1.0
1,1.08,16.0,14.9,5.2,0.024,226.0,0.14,1479.0,1.0
14,0.86,13.1,15.2,3.5,0.016,199.0,0.161,1020.0,1.0
0,1.13,14.3,12.6,4.3,0.009,192.0,0.089,561.0,1.0
4,1.07,4.5,4.2,1.2,0.157,223.0,0.163,61251.0,1.0
8,1.03,4.3,4.2,1.3,0.146,220.0,0.151,57018.0,1.0
9,1.12,4.6,4.1,1.2,0.127,224.0,0.149,49572.0,1.0
10,0.92,3.6,3.9,1.2,0.089,175.0,0.121,34884.0,1.0
7,0.98,4.0,4.1,1.0,0.075,200.0,0.158,29427.0,1.0
14,0.91,3.8,4.2,1.0,0.065,184.0,0.131,25245.0,1.0
12,0.89,3.6,4.0,1.4,0.06,180.0,0.103,23307.0,1.0
5,0.96,3.8,4.0,1.2,0.052,194.0,0.106,20400.0,1.0
6,0.95,3.9,4.1,1.1,0.043,189.0,0.11,16779.0,1.0
11,1.0,4.1,4.1,1.1,0.043,195.0,0.118,16626.0,1.0
13,0.77,3.3,4.3,1.2,0.039,161.0,0.121,15198.0,1.0
1,0.95,3.8,4.0,1.3,0.035,193.0,0.141,13668.0,1.0
3,0.93,3.7,4.0,1.3,0.035,176.0,0.081,13617.0,1.0
2,0.83,3.4,4.1,1.5,0.027,171.0,0.166,10455.0,1.0
0,0.9,3.8,4.2,1.1,0.0069999999999999,179.0,0.11,2703.0,1.0
10,0.93,13.7,14.7,4.8,0.166,191.0,0.1159999999999999,5559.0,1.0
9,1.21,18.6,15.4,4.9,0.133,271.0,0.162,4437.0,1.0
4,1.08,16.6,15.3,4.1,0.105,237.0,0.156,3519.0,1.0
6,0.94,14.5,15.4,4.3,0.093,203.0,0.124,3111.0,1.0
5,1.02,14.3,13.9,4.6,0.088,210.0,0.103,2958.0,1.0
8,0.97,15.9,16.3,5.6,0.084,229.0,0.142,2805.0,1.0
12,0.87,12.5,14.4,5.8,0.069,187.0,0.096,2295.0,1.0
7,0.93,14.4,15.5,4.3,0.044,215.0,0.163,1479.0,1.0
3,0.97,14.8,15.3,4.4,0.0409999999999999,202.0,0.093,1377.0,1.0
2,0.97,14.1,14.6,5.8,0.04,198.0,0.12,1326.0,1.0
13,0.94,14.3,15.2,6.1,0.038,192.0,0.084,1275.0,1.0
14,0.96,15.2,15.9,3.4,0.032,222.0,0.188,1071.0,1.0
1,1.07,15.5,14.4,5.6,0.0289999999999999,217.0,0.085,969.0,1.0
11,0.88,13.2,15.1,5.4,0.027,189.0,0.1639999999999999,918.0,1.0
0,0.96,15.4,16.1,4.6,0.011,195.0,0.12,357.0,1.0
8,1.01,16.5,16.2,5.0,0.155,237.0,0.1939999999999999,1530.0,1.0
9,1.2,16.7,13.9,3.7,0.144,226.0,0.165,1428.0,1.0
4,0.98,15.1,15.3,3.2,0.108,209.0,0.2019999999999999,1071.0,1.0
2,1.02,14.9,14.6,6.9,0.093,210.0,0.0819999999999999,918.0,1.0
12,1.22,15.8,12.9,5.8,0.088,227.0,0.074,867.0,2.0
10,0.97,14.6,15.0,3.1,0.0819999999999999,202.0,0.09,816.0,1.0
6,1.22,16.9,13.9,6.7,0.077,223.0,0.103,765.0,1.0
3,0.66,9.5,14.5,4.1,0.067,154.0,0.089,663.0,1.0
5,0.79,12.7,16.1,4.5,0.052,185.0,0.1969999999999999,510.0,0.0
7,1.21,19.6,16.1,4.1,0.036,261.0,0.153,357.0,1.0
13,1.03,15.2,14.7,8.5,0.031,212.0,0.165,306.0,1.0
11,1.17,16.2,13.8,3.7,0.031,212.0,0.124,306.0,1.0
14,1.25,21.0,16.8,4.3,0.021,258.0,0.119,204.0,0.0
0,1.33,20.0,15.0,6.0,0.01,233.0,0.075,102.0,1.0
1,0.93,13.0,14.0,11.0,0.005,216.0,0.0,51.0,2.0
12,0.27,4.0,15.0,7.0,0.2,94.0,0.0,51.0,0.0
7,1.33,16.0,12.0,2.0,0.2,209.0,0.25,51.0,2.0
13,2.09,23.0,11.0,3.0,0.2,260.0,0.087,51.0,2.0
9,0.73,11.0,15.0,3.0,0.2,193.0,0.182,51.0,0.0
2,0.92,11.0,12.0,6.0,0.2,194.0,0.091,51.0,2.0
4,1.08,17.9,16.5,3.8,0.153,251.0,0.182,2601.0,1.0
9,1.09,17.2,15.8,3.9,0.147,250.0,0.1689999999999999,2499.0,1.0
10,0.92,13.5,14.7,4.9,0.135,193.0,0.143,2295.0,1.0
6,0.98,15.8,16.1,5.6,0.102,208.0,0.119,1734.0,1.0
8,1.01,15.8,15.6,5.3,0.078,238.0,0.16,1326.0,1.0
12,1.07,16.1,15.0,6.7,0.078,214.0,0.086,1326.0,1.0
5,1.08,14.5,13.5,3.6,0.075,208.0,0.088,1275.0,1.0
7,0.95,13.9,14.7,3.5,0.057,217.0,0.14,969.0,0.0
3,0.92,14.1,15.3,3.4,0.054,189.0,0.083,918.0,1.0
2,0.99,15.3,15.5,6.4,0.048,203.0,0.155,816.0,1.0
11,0.87,13.4,15.5,4.0,0.036,184.0,0.118,612.0,1.0
13,0.97,16.3,16.8,6.0,0.018,207.0,0.092,306.0,1.0
1,0.73,11.3,15.5,5.0,0.012,164.0,0.133,204.0,2.0
0,0.58,9.0,15.5,5.5,0.006,145.0,0.0559999999999999,102.0,0.0
14,1.0,19.0,19.0,7.0,0.003,242.0,0.316,51.0,2.0
10,0.76,10.9,14.5,3.9,0.1889999999999999,167.0,0.1159999999999999,1683.0,1.0
8,1.05,15.0,14.3,4.5,0.126,230.0,0.148,1122.0,1.0
4,0.87,12.6,14.5,4.2,0.103,187.0,0.145,918.0,1.0
9,0.86,12.2,14.1,4.1,0.0969999999999999,198.0,0.179,867.0,1.0
5,0.88,13.7,15.6,4.4,0.069,197.0,0.073,612.0,1.0
7,1.22,15.1,12.3,4.9,0.069,233.0,0.144,612.0,2.0
2,0.9,12.0,13.4,4.3,0.063,185.0,0.106,561.0,1.0
6,0.73,11.7,16.0,5.3,0.057,183.0,0.171,510.0,1.0
13,0.89,12.5,14.0,4.7,0.057,177.0,0.128,510.0,1.0
12,1.13,13.0,11.6,4.0,0.051,201.0,0.12,459.0,1.0
11,1.05,14.0,13.4,4.4,0.046,200.0,0.1159999999999999,408.0,1.0
14,0.9,12.6,14.0,4.8,0.0289999999999999,186.0,0.127,255.0,2.0
3,0.85,14.3,16.8,4.0,0.023,181.0,0.07,204.0,0.0
1,0.73,8.0,11.0,2.0,0.017,125.0,0.1669999999999999,153.0,1.0
0,1.5,12.0,8.0,3.0,0.006,159.0,0.0,51.0,2.0
4,1.03,12.1,11.7,2.0,0.141,201.0,0.275,2040.0,1.0
9,1.28,15.7,12.3,2.5,0.141,207.0,0.263,2040.0,1.0
10,0.9,11.2,12.4,3.1,0.134,177.0,0.15,1938.0,1.0
8,0.87,13.3,15.4,3.3,0.106,176.0,0.228,1530.0,1.0
6,0.91,11.9,13.1,2.7,0.06,186.0,0.2269999999999999,867.0,1.0
7,0.75,10.0,13.4,2.1,0.053,116.0,0.42,765.0,1.0
2,1.15,13.6,11.9,4.7,0.053,207.0,0.123,765.0,1.0
14,0.97,12.7,13.1,1.6,0.053,143.0,0.387,765.0,1.0
3,0.78,11.4,14.6,2.9,0.049,153.0,0.313,714.0,1.0
5,1.05,12.9,12.3,3.0,0.046,189.0,0.2019999999999999,663.0,1.0
12,1.16,12.5,10.8,4.2,0.046,223.0,0.178,663.0,1.0
13,1.04,11.4,11.0,3.3,0.042,211.0,0.131,612.0,1.0
11,1.2,13.8,11.4,5.1,0.032,135.0,0.2019999999999999,459.0,1.0
0,0.77,9.3,12.0,2.0,0.025,164.0,0.292,357.0,1.0
9,1.18,18.5,15.6,4.4,0.155,258.0,0.177,2703.0,1.0
10,1.03,14.6,14.1,4.3,0.122,196.0,0.1159999999999999,2142.0,1.0
6,1.0,14.7,14.7,5.0,0.111,203.0,0.139,1938.0,1.0
8,1.09,16.8,15.4,5.2,0.111,253.0,0.158,1938.0,1.0
4,1.03,15.1,14.7,3.4,0.105,231.0,0.2019999999999999,1836.0,1.0
2,0.92,13.0,14.2,6.9,0.076,197.0,0.089,1326.0,1.0
12,0.94,14.0,14.9,6.1,0.073,201.0,0.111,1275.0,1.0
3,1.11,14.4,13.0,3.7,0.055,196.0,0.055,969.0,1.0
5,1.15,14.2,12.4,3.9,0.05,206.0,0.095,867.0,1.0
7,0.82,12.7,15.5,3.3,0.038,211.0,0.212,663.0,0.0
13,1.19,16.9,14.2,5.2,0.035,233.0,0.103,612.0,1.0
11,1.06,16.9,16.0,3.5,0.032,227.0,0.1669999999999999,561.0,0.0
1,0.62,10.2,16.4,6.8,0.015,177.0,0.196,255.0,0.0
0,0.93,16.0,17.3,4.3,0.012,225.0,0.172,204.0,0.0
14,0.6,9.8,16.3,3.0,0.012,169.0,0.231,204.0,0.0
9,1.17,18.7,15.9,4.2,0.157,256.0,0.165,6120.0,1.0
4,1.14,17.6,15.4,3.8,0.129,246.0,0.19,5049.0,1.0
10,0.99,14.7,14.8,4.8,0.1119999999999999,198.0,0.114,4386.0,1.0
6,0.94,14.5,15.4,5.5,0.098,202.0,0.121,3825.0,1.0
8,1.05,16.5,15.8,5.1,0.089,245.0,0.158,3468.0,1.0
5,1.0,13.9,13.9,3.8,0.073,197.0,0.088,2856.0,1.0
12,0.93,13.7,14.6,5.7,0.067,196.0,0.107,2601.0,1.0
2,1.1,16.4,14.9,7.3,0.054,226.0,0.107,2091.0,1.0
7,1.1,17.3,15.8,3.8,0.047,229.0,0.16,1836.0,1.0
3,0.98,13.9,14.3,3.9,0.046,200.0,0.125,1785.0,1.0
13,0.97,15.1,15.6,6.4,0.039,205.0,0.0819999999999999,1530.0,1.0
1,0.91,14.4,15.9,5.8,0.034,209.0,0.144,1326.0,1.0
11,0.97,15.3,15.8,3.9,0.031,213.0,0.128,1224.0,0.0
14,0.68,12.4,18.2,3.9,0.016,172.0,0.168,612.0,0.0
0,0.87,15.6,17.9,4.9,0.009,207.0,0.174,357.0,0.0
9,1.15,18.0,15.6,4.6,0.16,259.0,0.172,4131.0,1.0
4,1.2,18.1,15.0,3.5,0.138,260.0,0.1689999999999999,3570.0,1.0
10,0.95,13.9,14.6,4.9,0.124,189.0,0.105,3213.0,1.0
8,1.01,16.3,16.1,5.5,0.114,237.0,0.17,2958.0,1.0
5,0.88,10.7,12.2,3.6,0.065,170.0,0.076,1683.0,1.0
6,0.94,13.5,14.3,5.0,0.065,197.0,0.122,1683.0,1.0
3,0.97,14.5,15.0,4.7,0.063,205.0,0.0969999999999999,1632.0,1.0
12,1.05,15.4,14.7,6.0,0.057,212.0,0.11,1479.0,1.0
7,1.13,15.4,13.6,4.8,0.053,229.0,0.176,1377.0,1.0
2,0.99,13.8,14.0,5.8,0.045,194.0,0.142,1173.0,1.0
13,1.4,19.1,13.7,6.8,0.036,248.0,0.105,918.0,2.0
14,1.13,17.3,15.3,4.1,0.024,251.0,0.173,612.0,1.0
1,1.14,18.0,15.8,4.5,0.022,246.0,0.1669999999999999,561.0,1.0
11,1.32,17.4,13.2,3.5,0.02,235.0,0.138,510.0,2.0
0,1.14,16.4,14.4,4.9,0.0139999999999999,243.0,0.087,357.0,1.0
9,1.13,17.5,15.5,4.6,0.16,251.0,0.181,1734.0,1.0
4,1.16,17.0,14.7,3.3,0.146,243.0,0.201,1581.0,1.0
10,1.01,14.2,14.1,4.6,0.1369999999999999,194.0,0.111,1479.0,1.0
3,0.9,14.1,15.6,4.8,0.099,175.0,0.088,1071.0,1.0
8,0.97,15.7,16.2,5.1,0.085,236.0,0.208,918.0,1.0
2,0.86,13.9,16.2,8.0,0.061,192.0,0.077,663.0,1.0
6,0.93,14.4,15.5,5.5,0.061,191.0,0.107,663.0,1.0
12,0.87,14.1,16.3,7.2,0.057,210.0,0.083,612.0,1.0
5,1.19,16.7,14.0,4.6,0.047,226.0,0.156,510.0,1.0
11,1.13,14.7,13.0,4.6,0.033,204.0,0.126,357.0,2.0
7,1.18,19.1,16.3,5.9,0.033,254.0,0.209,357.0,2.0
1,0.88,13.3,15.2,7.3,0.0279999999999999,192.0,0.188,306.0,1.0
13,1.04,15.8,15.2,6.8,0.0279999999999999,216.0,0.147,306.0,1.0
14,0.74,15.0,20.3,5.3,0.0139999999999999,196.0,0.156,153.0,1.0
0,1.45,16.0,11.0,5.5,0.009,193.0,0.063,102.0,2.0
10,0.91,13.2,14.6,4.7,0.1989999999999999,188.0,0.124,4743.0,1.0
9,1.11,16.9,15.1,4.9,0.139,241.0,0.151,3315.0,1.0
8,1.0,15.3,15.3,5.7,0.094,228.0,0.162,2244.0,1.0
4,0.99,15.7,15.9,4.2,0.088,224.0,0.148,2091.0,1.0
5,1.01,13.8,13.6,4.1,0.085,203.0,0.093,2040.0,1.0
6,0.94,13.8,14.6,3.9,0.073,204.0,0.1369999999999999,1734.0,1.0
12,1.01,14.1,14.0,6.2,0.064,206.0,0.099,1530.0,1.0
13,0.82,12.7,15.4,5.5,0.0559999999999999,181.0,0.085,1326.0,1.0
7,0.89,14.1,15.9,4.0,0.047,199.0,0.171,1122.0,1.0
2,1.07,14.8,13.8,5.4,0.0409999999999999,217.0,0.114,969.0,1.0
3,0.95,13.3,13.9,5.2,0.036,188.0,0.075,867.0,1.0
14,0.74,11.6,15.6,4.2,0.034,170.0,0.146,816.0,1.0
11,0.71,11.0,15.5,4.3,0.0279999999999999,169.0,0.154,663.0,1.0
1,1.01,15.2,15.0,5.4,0.011,218.0,0.132,255.0,2.0
0,1.46,25.3,17.3,7.3,0.006,299.0,0.118,153.0,1.0
10,0.89,11.0,12.3,3.7,0.133,180.0,0.122,89352.0,1.0
9,1.16,14.5,12.5,3.5,0.131,241.0,0.161,88179.0,1.0
4,1.12,14.0,12.6,3.3,0.131,231.0,0.162,87771.0,1.0
8,1.01,13.0,12.8,4.1,0.103,222.0,0.147,69309.0,1.0
12,0.96,11.8,12.2,4.5,0.071,197.0,0.109,47991.0,1.0
7,0.96,12.2,12.7,3.2,0.068,203.0,0.154,45798.0,1.0
6,0.96,11.9,12.3,3.7,0.062,195.0,0.129,41769.0,1.0
5,0.97,11.6,11.9,3.6,0.059,195.0,0.102,39831.0,1.0
14,0.96,12.2,12.8,3.0,0.049,202.0,0.146,33150.0,1.0
13,0.92,11.5,12.5,4.0,0.046,191.0,0.121,31059.0,1.0
3,0.91,11.4,12.5,3.7,0.043,180.0,0.11,28713.0,1.0
11,0.94,11.4,12.1,3.3,0.036,189.0,0.129,23868.0,1.0
2,0.9,11.4,12.6,4.6,0.035,187.0,0.128,23460.0,1.0
1,0.96,12.3,12.9,4.0,0.022,203.0,0.145,14790.0,1.0
0,0.99,12.2,12.3,3.7,0.011,200.0,0.106,7140.0,1.0
10,0.63,9.5,15.2,4.6,0.1669999999999999,140.0,0.129,918.0,0.0
5,0.99,14.2,14.2,4.5,0.12,211.0,0.0819999999999999,663.0,1.0
4,0.73,11.6,15.8,4.3,0.093,175.0,0.155,510.0,1.0
8,0.75,12.1,16.1,3.8,0.093,166.0,0.107,510.0,1.0
9,1.11,16.5,14.9,4.5,0.093,226.0,0.1639999999999999,510.0,1.0
12,0.78,12.0,15.3,5.9,0.093,178.0,0.067,510.0,1.0
13,1.01,14.4,14.3,5.9,0.065,205.0,0.04,357.0,1.0
6,0.88,15.3,17.4,4.9,0.065,218.0,0.15,357.0,1.0
3,0.6,8.7,14.3,5.0,0.0559999999999999,135.0,0.0579999999999999,306.0,1.0
2,0.83,13.4,16.2,5.0,0.046,204.0,0.104,255.0,0.0
7,1.33,17.0,12.8,4.6,0.046,239.0,0.153,255.0,1.0
14,0.7,10.3,14.7,7.0,0.0279999999999999,167.0,0.1939999999999999,153.0,1.0
1,0.9,13.5,15.0,4.5,0.019,177.0,0.074,102.0,2.0
11,1.09,12.5,11.5,3.0,0.019,180.0,0.2,102.0,2.0
9,1.1,16.4,14.8,3.7,0.154,237.0,0.168,2244.0,1.0
4,1.23,17.8,14.4,3.8,0.151,254.0,0.187,2193.0,1.0
10,1.0,14.4,14.4,4.4,0.105,199.0,0.095,1530.0,1.0
8,1.04,16.5,15.9,4.8,0.102,233.0,0.13,1479.0,1.0
5,0.98,13.7,14.0,3.9,0.077,203.0,0.123,1122.0,1.0
3,0.89,13.5,15.1,4.1,0.077,187.0,0.114,1122.0,1.0
12,1.11,14.5,13.1,5.4,0.077,202.0,0.094,1122.0,1.0
6,1.09,15.9,14.6,4.8,0.063,228.0,0.136,918.0,1.0
7,0.94,14.3,15.3,3.6,0.0559999999999999,220.0,0.175,816.0,1.0
2,1.02,15.9,15.6,6.2,0.046,206.0,0.092,663.0,1.0
13,0.84,11.3,13.5,5.8,0.035,179.0,0.124,510.0,1.0
11,1.3,16.0,12.3,3.4,0.025,224.0,0.107,357.0,2.0
0,1.27,17.3,13.7,3.7,0.011,212.0,0.096,153.0,1.0
1,1.26,16.3,13.0,5.0,0.011,241.0,0.122,153.0,1.0
14,0.96,15.0,15.7,5.7,0.011,229.0,0.133,153.0,2.0
4,1.12,16.9,15.1,3.6,0.192,235.0,0.211,1428.0,1.0
10,0.77,11.3,14.7,4.2,0.158,160.0,0.1,1173.0,1.0
9,1.14,16.8,14.7,4.1,0.1159999999999999,241.0,0.175,867.0,1.0
8,0.95,15.5,16.4,4.8,0.096,239.0,0.1939999999999999,714.0,0.0
12,1.07,15.8,14.7,5.4,0.096,234.0,0.122,714.0,1.0
3,1.03,15.2,14.8,3.3,0.068,200.0,0.1119999999999999,510.0,1.0
6,0.97,14.1,14.6,5.4,0.068,192.0,0.092,510.0,1.0
5,0.87,13.9,15.9,3.6,0.062,188.0,0.088,459.0,1.0
2,0.85,11.9,14.0,4.8,0.055,172.0,0.1369999999999999,408.0,1.0
11,1.12,16.0,14.3,3.5,0.0409999999999999,237.0,0.104,306.0,1.0
7,1.05,14.7,14.0,1.0,0.021,228.0,0.114,153.0,1.0
14,1.28,20.5,16.0,2.0,0.0139999999999999,262.0,0.073,102.0,0.0
13,2.33,14.0,6.0,3.0,0.0069999999999999,216.0,0.143,51.0,2.0
0,0.72,13.0,18.0,6.0,0.0069999999999999,174.0,0.231,51.0,0.0
9,1.14,18.2,16.0,5.0,0.17,251.0,0.146,2295.0,1.0
10,0.87,11.3,13.0,4.3,0.162,167.0,0.128,2193.0,1.0
4,1.08,16.4,15.3,4.6,0.102,235.0,0.146,1377.0,1.0
5,1.01,14.7,14.6,4.5,0.091,211.0,0.108,1224.0,1.0
13,0.76,12.1,16.0,5.2,0.079,175.0,0.1369999999999999,1071.0,0.0
6,0.74,12.1,16.3,4.7,0.068,175.0,0.11,918.0,1.0
8,0.97,14.6,15.1,3.5,0.064,228.0,0.133,867.0,1.0
3,1.03,14.6,14.2,5.0,0.053,197.0,0.1369999999999999,714.0,1.0
7,1.11,16.8,15.1,4.0,0.045,237.0,0.159,612.0,1.0
12,0.99,13.4,13.5,4.3,0.045,187.0,0.143,612.0,2.0
11,0.85,13.0,15.3,4.9,0.034,178.0,0.154,459.0,1.0
2,0.73,12.9,17.7,7.2,0.034,186.0,0.147,459.0,0.0
14,0.86,12.9,15.0,4.5,0.03,180.0,0.039,408.0,1.0
1,1.35,18.6,13.8,5.6,0.019,238.0,0.118,255.0,2.0
0,0.83,15.0,18.0,1.0,0.004,179.0,0.067,51.0,0.0
10,0.92,13.9,15.1,4.8,0.142,189.0,0.105,5202.0,1.0
9,1.07,16.4,15.3,4.4,0.131,235.0,0.162,4794.0,1.0
4,0.99,15.8,16.1,4.3,0.0969999999999999,225.0,0.198,3570.0,1.0
12,0.93,14.0,15.0,6.2,0.093,195.0,0.1,3417.0,1.0
5,0.96,13.2,13.7,4.5,0.092,201.0,0.096,3366.0,1.0
6,1.05,15.3,14.5,4.5,0.083,210.0,0.115,3060.0,1.0
8,0.96,15.1,15.7,4.7,0.078,232.0,0.13,2856.0,1.0
7,1.07,16.3,15.2,3.9,0.053,233.0,0.17,1938.0,1.0
3,0.95,13.9,14.7,4.3,0.053,191.0,0.129,1938.0,1.0
2,0.78,12.2,15.6,5.3,0.051,177.0,0.12,1887.0,1.0
13,1.08,15.2,14.1,4.9,0.043,210.0,0.127,1581.0,1.0
14,0.84,13.7,16.4,3.5,0.035,194.0,0.175,1275.0,1.0
11,0.77,12.2,15.9,4.7,0.0279999999999999,173.0,0.123,1020.0,1.0
1,1.31,16.0,12.2,4.5,0.015,239.0,0.153,561.0,1.0
0,0.86,14.6,17.0,3.2,0.0069999999999999,194.0,0.1369999999999999,255.0,1.0
4,1.14,18.6,16.3,3.5,0.149,246.0,0.191,1020.0,1.0
9,1.16,17.9,15.4,4.5,0.119,249.0,0.157,816.0,1.0
6,0.82,12.1,14.9,5.4,0.119,178.0,0.119,816.0,1.0
12,1.01,14.1,13.9,5.0,0.1119999999999999,196.0,0.085,765.0,1.0
8,1.13,18.0,15.9,5.3,0.1119999999999999,247.0,0.1889999999999999,765.0,1.0
5,0.87,11.7,13.5,4.1,0.075,182.0,0.145,510.0,2.0
7,1.27,19.2,15.1,2.7,0.075,260.0,0.182,510.0,1.0
10,1.13,16.0,14.1,4.5,0.06,201.0,0.1169999999999999,408.0,1.0
3,0.74,11.6,15.7,3.9,0.052,152.0,0.111,357.0,1.0
2,0.79,12.8,16.2,7.7,0.045,182.0,0.13,306.0,1.0
11,0.82,12.3,15.0,3.3,0.03,190.0,0.163,204.0,0.0
0,1.1,14.7,13.3,4.7,0.022,212.0,0.045,153.0,1.0
13,1.07,14.5,13.5,6.0,0.015,212.0,0.172,102.0,1.0
1,1.26,24.0,19.0,10.0,0.0069999999999999,287.0,0.083,51.0,2.0
14,1.2,18.0,15.0,4.0,0.0069999999999999,256.0,0.278,51.0,2.0
